psu,area,region,region_01,rate_cm,rate_nutr,rate_satt,rate_educ,rate_elct,rate_wtr,rate_sani,rate_hsg,rate_ckfl,rate_asst,depr_cm,depr_nutr,depr_educ,depr_satt,depr_wtr,depr_sani,depr_hsg,depr_elct,depr_asst,depr_ckfl,mpi_met4
1,urban,Banteay Meanchay,Banteay Meanchay,0,.21428572,.2,.2,0,0,.06666667,0,.80000001,0,0,1,1,1,0,0,0,0,0,1,.55555558
2,rural,Banteay Meanchay,Banteay Meanchay,0,.083333336,.07692308,.07692308,0,.07692308,.23076923,0,.69230771,0,0,0,0,0,0,0,0,0,0,1,.055555556
3,urban,Banteay Meanchay,Banteay Meanchay,0,.071428575,.071428575,.21428572,0,0,.14285715,0,.42857143,.14285715,0,0,1,0,0,0,0,0,0,1,.22222222
4,urban,Banteay Meanchay,Banteay Meanchay,0,.14285715,.13333334,.13333334,0,0,.06666667,.06666667,.60000002,0,0,1,1,0,0,0,0,0,0,1,.3888889
5,rural,Banteay Meanchay,Banteay Meanchay,0,.06666667,.06666667,.33333334,0,0,.2,.13333334,.80000001,0,0,0,1,0,0,0,0,0,0,1,.22222222
6,rural,Banteay Meanchay,Banteay Meanchay,0,.13333334,0,.40000001,.06666667,.13333334,.26666668,.2,.86666667,.06666667,0,1,1,0,0,0,0,0,0,1,.3888889
7,rural,Banteay Meanchay,Banteay Meanchay,0,.27272728,0,.083333336,.083333336,0,.33333334,.083333336,1,.16666667,0,1,0,0,0,0,0,0,0,1,.22222222
8,rural,Banteay Meanchay,Banteay Meanchay,0,.21428572,.071428575,.2857143,0,0,0,.071428575,.71428573,0,0,1,1,0,0,0,0,0,0,1,.3888889
9,rural,Banteay Meanchay,Banteay Meanchay,0,.15384616,0,.14285715,0,0,0,0,.78571427,0,0,1,1,0,0,0,0,0,0,1,.3888889
10,rural,Banteay Meanchay,Banteay Meanchay,0,0,.26666668,.33333334,0,0,.13333334,.06666667,.80000001,0,0,0,1,1,0,0,0,0,0,1,.3888889
11,rural,Banteay Meanchay,Banteay Meanchay,0,.2,0,.40000001,0,0,.13333334,.06666667,.93333334,0,0,1,1,0,0,0,0,0,0,1,.3888889
12,rural,Banteay Meanchay,Banteay Meanchay,0,.23076923,0,.07692308,0,.53846157,.15384616,0,.76923078,0,0,1,0,0,1,0,0,0,0,1,.27777779
13,rural,Banteay Meanchay,Banteay Meanchay,0,.25,.083333336,.33333334,.083333336,0,.41666666,.083333336,.75,.25,0,1,1,0,0,0,0,0,0,1,.3888889
14,rural,Banteay Meanchay,Banteay Meanchay,0,.15384616,.071428575,.42857143,0,0,.14285715,0,.85714287,.071428575,0,1,1,0,0,0,0,0,0,1,.3888889
15,rural,Banteay Meanchay,Banteay Meanchay,0,.23076923,.07692308,.53846157,.07692308,0,.46153846,0,.61538464,.30769232,0,1,1,0,0,0,0,0,0,1,.3888889
16,urban,Banteay Meanchay,Banteay Meanchay,0,.06666667,.06666667,.26666668,0,.06666667,.2,.13333334,.66666669,0,0,0,1,0,0,0,0,0,0,1,.22222222
17,urban,Banteay Meanchay,Banteay Meanchay,0,.40000001,0,0,0,0,0,0,.1,0,0,1,0,0,0,0,0,0,0,0,.16666667
18,urban,Banteay Meanchay,Banteay Meanchay,0,.23076923,0,.07692308,0,.23076923,0,0,.07692308,0,0,1,0,0,0,0,0,0,0,0,.16666667
19,rural,Banteay Meanchay,Banteay Meanchay,0,.14285715,0,.35714287,0,.071428575,.35714287,.21428572,.9285714,0,0,1,1,0,0,0,0,0,0,1,.3888889
20,rural,Banteay Meanchay,Banteay Meanchay,0,.14285715,0,.42857143,0,.2857143,.21428572,.071428575,.78571427,.14285715,0,1,1,0,0,0,0,0,0,1,.3888889
21,rural,Banteay Meanchay,Banteay Meanchay,0,.06666667,0,.2,0,0,.26666668,.13333334,.93333334,0,0,0,1,0,0,0,0,0,0,1,.22222222
22,rural,Banteay Meanchay,Banteay Meanchay,0,0,0,.27272728,0,.090909094,.090909094,0,.90909094,.27272728,0,0,1,0,0,0,0,0,0,1,.22222222
23,rural,Banteay Meanchay,Banteay Meanchay,0,.30769232,.071428575,.2857143,.071428575,0,.21428572,.14285715,.78571427,0,0,1,1,0,0,0,0,0,0,1,.3888889
24,rural,Banteay Meanchay,Banteay Meanchay,0,.21428572,0,.071428575,0,.071428575,.071428575,.071428575,.85714287,.071428575,0,1,0,0,0,0,0,0,0,1,.22222222
25,urban,Banteay Meanchay,Banteay Meanchay,0,.23076923,.07692308,.30769232,0,0,.30769232,.30769232,.69230771,.23076923,0,1,1,0,0,0,0,0,0,1,.3888889
26,rural,Banteay Meanchay,Banteay Meanchay,0,.15384616,.07692308,.46153846,0,.07692308,.30769232,.15384616,.84615386,.15384616,0,1,1,0,0,0,0,0,0,1,.3888889
27,rural,Banteay Meanchay,Banteay Meanchay,0,.25,.083333336,.33333334,1,.5,.5,.16666667,1,0,0,1,1,0,1,1,0,1,0,1,.55555558
28,urban,Banteay Meanchay,Banteay Meanchay,0,.07692308,0,.2857143,0,0,0,0,.35714287,.14285715,0,0,1,0,0,0,0,0,0,1,.22222222
29,urban,Banteay Meanchay,Banteay Meanchay,0,.1,.1,.2,0,0,.2,0,.2,.1,0,0,1,0,0,0,0,0,0,0,.16666667
30,urban,Banteay Meanchay,Banteay Meanchay,0,.23076923,0,.46153846,0,.07692308,.38461539,.30769232,.38461539,.30769232,0,1,1,0,0,0,0,0,0,1,.3888889
31,rural,Battambang & Pailin,Battambang & Pailin,.13333334,.2,.26666668,.33333334,0,.2,.2,.06666667,.73333335,.2,1,1,1,1,0,0,0,0,0,1,.72222221
32,rural,Battambang & Pailin,Battambang & Pailin,0,.2,.2,.60000002,1,.53333336,.46666667,0,.80000001,.40000001,0,1,1,1,1,0,0,1,0,1,.66666669
33,rural,Battambang & Pailin,Battambang & Pailin,0,.2857143,.06666667,.2,.13333334,.26666668,.33333334,.06666667,.66666669,0,0,1,1,0,0,0,0,1,0,1,.44444445
34,rural,Battambang & Pailin,Battambang & Pailin,0,.13333334,.26666668,.53333336,.46666667,.33333334,.53333336,.13333334,.80000001,.06666667,0,1,1,1,1,1,0,1,0,1,.72222221
35,rural,Battambang & Pailin,Battambang & Pailin,0,.13333334,.2,.2,0,.33333334,.2,.2,.73333335,.2,0,1,1,1,1,0,0,0,0,1,.6111111
36,rural,Battambang & Pailin,Battambang & Pailin,0,.06666667,.06666667,.2857143,0,.06666667,.13333334,.06666667,.93333334,.06666667,0,0,1,0,0,0,0,0,0,1,.22222222
37,urban,Battambang & Pailin,Battambang & Pailin,.071428575,.2857143,.06666667,.26666668,0,0,0,0,.13333334,0,1,1,1,0,0,0,0,0,0,0,.5
38,urban,Battambang & Pailin,Battambang & Pailin,0,0,.06666667,0,0,.2,0,0,.26666668,.06666667,0,0,0,0,0,0,0,0,0,1,.055555556
39,urban,Battambang & Pailin,Battambang & Pailin,0,.071428575,0,0,0,0,.06666667,0,.33333334,0,0,0,0,0,0,0,0,0,0,1,.055555556
40,urban,Battambang & Pailin,Battambang & Pailin,0,.23076923,.06666667,.2,.06666667,.13333334,.13333334,0,.46666667,0,0,1,1,0,0,0,0,0,0,1,.3888889
41,rural,Battambang & Pailin,Battambang & Pailin,0,.2,.06666667,.14285715,0,0,.06666667,.26666668,.80000001,.06666667,0,1,1,0,0,0,0,0,0,1,.3888889
42,rural,Battambang & Pailin,Battambang & Pailin,0,.33333334,.16666667,.16666667,.083333336,.33333334,.16666667,.33333334,.75,.083333336,0,1,1,1,1,0,0,0,0,1,.6111111
43,rural,Battambang & Pailin,Battambang & Pailin,0,.14285715,.06666667,.2857143,.13333334,.60000002,.53333336,.33333334,.86666667,.26666668,0,1,1,0,1,1,0,1,0,1,.55555558
44,urban,Battambang & Pailin,Battambang & Pailin,0,0,0,0,.06666667,0,0,.06666667,.53333336,0,0,0,0,0,0,0,0,0,0,1,.055555556
45,rural,Battambang & Pailin,Battambang & Pailin,0,.13333334,.2,.13333334,.06666667,.13333334,.2,.26666668,.73333335,.06666667,0,1,1,1,0,0,0,0,0,1,.55555558
46,rural,Battambang & Pailin,Battambang & Pailin,0,.13333334,.06666667,.13333334,0,.06666667,.06666667,0,.60000002,0,0,1,1,0,0,0,0,0,0,1,.3888889
47,rural,Battambang & Pailin,Battambang & Pailin,0,.14285715,.13333334,.2,0,.26666668,.26666668,.06666667,.86666667,.06666667,0,1,1,0,0,0,0,0,0,1,.3888889
48,rural,Battambang & Pailin,Battambang & Pailin,0,.21428572,.06666667,.13333334,0,0,.2,.06666667,.53333336,0,0,1,1,0,0,0,0,0,0,1,.3888889
49,rural,Battambang & Pailin,Battambang & Pailin,.06666667,.14285715,.2,.53333336,.06666667,.26666668,.26666668,.06666667,.66666669,.2,1,1,1,1,0,0,0,0,0,1,.72222221
50,urban,Battambang & Pailin,Battambang & Pailin,.06666667,.2,.13333334,0,0,.06666667,.06666667,0,.73333335,.06666667,1,1,0,0,0,0,0,0,0,1,.3888889
51,rural,Battambang & Pailin,Battambang & Pailin,.06666667,.33333334,.06666667,.2,0,.13333334,.33333334,.13333334,.86666667,.06666667,1,1,1,0,0,0,0,0,0,1,.55555558
52,rural,Battambang & Pailin,Battambang & Pailin,.06666667,.13333334,0,.2,0,.06666667,.2,.06666667,.86666667,.13333334,1,1,1,0,0,0,0,0,0,1,.55555558
53,rural,Battambang & Pailin,Battambang & Pailin,0,.13333334,0,.13333334,0,.13333334,.26666668,.13333334,.80000001,.06666667,0,1,1,0,0,0,0,0,0,1,.3888889
54,rural,Battambang & Pailin,Battambang & Pailin,0,.14285715,0,.071428575,.14285715,.14285715,.35714287,.14285715,.2857143,.14285715,0,1,0,0,0,0,0,1,0,1,.27777779
55,rural,Battambang & Pailin,Battambang & Pailin,0,.26666668,.13333334,.33333334,.40000001,.06666667,.33333334,.13333334,.60000002,.06666667,0,1,1,0,0,0,0,1,0,1,.44444445
56,rural,Battambang & Pailin,Battambang & Pailin,0,.2,.2,.26666668,.2,.13333334,.2,.33333334,.53333336,.2,0,1,1,1,0,0,0,1,0,1,.6111111
57,urban,Battambang & Pailin,Battambang & Pailin,0,.06666667,.06666667,0,0,.13333334,0,0,.06666667,0,0,0,0,0,0,0,0,0,0,0,0
58,rural,Battambang & Pailin,Battambang & Pailin,0,.13333334,0,.30769232,.06666667,0,.40000001,.13333334,.53333336,.06666667,0,1,1,0,0,0,0,0,0,1,.3888889
59,rural,Battambang & Pailin,Battambang & Pailin,0,.13333334,0,.26666668,0,0,.40000001,.06666667,.86666667,.13333334,0,1,1,0,0,0,0,0,0,1,.3888889
60,rural,Battambang & Pailin,Battambang & Pailin,0,.06666667,.06666667,.33333334,0,.13333334,.2,0,.66666669,.2,0,0,1,0,0,0,0,0,0,1,.22222222
61,rural,Kampong Cham,Kampong Cham,.06666667,.06666667,.40000001,.26666668,0,.13333334,.33333334,.06666667,.73333335,.06666667,1,0,1,1,0,0,0,0,0,1,.55555558
62,rural,Kampong Cham,Kampong Cham,0,.26666668,.40000001,.40000001,.06666667,.06666667,.46666667,.06666667,.53333336,.13333334,0,1,1,1,0,0,0,0,0,1,.55555558
63,rural,Kampong Cham,Kampong Cham,0,0,.33333334,.26666668,0,.40000001,.53333336,0,.86666667,.06666667,0,0,1,1,1,1,0,0,0,1,.5
64,rural,Kampong Cham,Kampong Cham,0,.13333334,.53333336,.33333334,0,.33333334,.13333334,0,.40000001,.06666667,0,1,1,1,1,0,0,0,0,1,.6111111
65,rural,Kampong Cham,Kampong Cham,0,.2,.40000001,.40000001,0,.53333336,.40000001,.06666667,.93333334,.06666667,0,1,1,1,1,0,0,0,0,1,.6111111
66,rural,Kampong Cham,Kampong Cham,0,.2,.40000001,.13333334,0,.06666667,.2,0,.40000001,0,0,1,1,1,0,0,0,0,0,1,.55555558
67,rural,Kampong Cham,Kampong Cham,0,.2,.73333335,.40000001,0,0,.13333334,.06666667,.80000001,.06666667,0,1,1,1,0,0,0,0,0,1,.55555558
68,urban,Kampong Cham,Kampong Cham,0,.14285715,.5714286,.14285715,0,.14285715,.14285715,0,.5714286,0,0,1,1,1,0,0,0,0,0,1,.55555558
69,rural,Kampong Cham,Kampong Cham,0,0,.2857143,.42857143,.071428575,.42857143,.5,.071428575,.85714287,.071428575,0,0,1,1,1,1,0,0,0,1,.5
70,urban,Kampong Cham,Kampong Cham,0,.2,.53333336,.06666667,0,.06666667,0,.06666667,.33333334,.2,0,1,0,1,0,0,0,0,0,1,.3888889
71,urban,Kampong Cham,Kampong Cham,.06666667,0,.2,.2,0,0,.13333334,0,.26666668,0,1,0,1,1,0,0,0,0,0,1,.55555558
72,urban,Kampong Cham,Kampong Cham,0,0,.36363637,.090909094,0,0,.18181819,0,.090909094,0,0,0,0,1,0,0,0,0,0,0,.16666667
73,rural,Kampong Cham,Kampong Cham,0,.14285715,.42857143,.071428575,0,0,.2857143,.071428575,.71428573,0,0,1,0,1,0,0,0,0,0,1,.3888889
74,rural,Kampong Cham,Kampong Cham,0,.14285715,.42857143,.071428575,0,0,.21428572,.071428575,.5,0,0,1,0,1,0,0,0,0,0,1,.3888889
75,rural,Kampong Cham,Kampong Cham,0,.07692308,.42857143,.35714287,0,0,.2857143,.071428575,.5,.14285715,0,0,1,1,0,0,0,0,0,1,.3888889
76,rural,Kampong Cham,Kampong Cham,.06666667,.13333334,.26666668,.13333334,0,.13333334,.13333334,0,.60000002,0,1,1,1,1,0,0,0,0,0,1,.72222221
77,rural,Kampong Cham,Kampong Cham,.06666667,.26666668,.40000001,.46666667,.06666667,.06666667,.33333334,.06666667,.60000002,.06666667,1,1,1,1,0,0,0,0,0,1,.72222221
78,rural,Kampong Cham,Kampong Cham,0,.06666667,.26666668,.53333336,0,.13333334,.40000001,.06666667,.66666669,0,0,0,1,1,0,0,0,0,0,1,.3888889
79,rural,Kampong Cham,Kampong Cham,0,.13333334,.26666668,.40000001,0,0,.06666667,.06666667,.93333334,.06666667,0,1,1,1,0,0,0,0,0,1,.55555558
80,rural,Kampong Cham,Kampong Cham,.083333336,.16666667,.58333331,.41666666,.16666667,.66666669,.41666666,0,.66666669,.25,1,1,1,1,1,0,0,1,0,1,.83333331
81,rural,Kampong Cham,Kampong Cham,0,.071428575,.33333334,.13333334,0,.26666668,.26666668,0,.46666667,0,0,0,1,1,0,0,0,0,0,1,.3888889
82,rural,Kampong Cham,Kampong Cham,0,.13333334,.40000001,.06666667,0,0,.2,.13333334,.40000001,.06666667,0,1,0,1,0,0,0,0,0,1,.3888889
83,rural,Kampong Cham,Kampong Cham,0,.13333334,.33333334,.06666667,.06666667,0,.2,0,.2,.06666667,0,1,0,1,0,0,0,0,0,0,.33333334
84,rural,Kampong Cham,Kampong Cham,0,.13333334,.46666667,.2,0,.46666667,.40000001,0,.73333335,0,0,1,1,1,1,0,0,0,0,1,.6111111
85,rural,Kampong Cham,Kampong Cham,0,.14285715,.2,.40000001,0,0,0,0,.53333336,.06666667,0,1,1,1,0,0,0,0,0,1,.55555558
86,urban,Kampong Cham,Kampong Cham,.06666667,0,.40000001,.26666668,0,0,.13333334,0,.46666667,.13333334,1,0,1,1,0,0,0,0,0,1,.55555558
87,rural,Kampong Cham,Kampong Cham,0,0,.33333334,.33333334,0,0,.06666667,0,.80000001,.06666667,0,0,1,1,0,0,0,0,0,1,.3888889
88,rural,Kampong Cham,Kampong Cham,0,.2,.2,.2,0,.53333336,.33333334,0,.80000001,0,0,1,1,1,1,0,0,0,0,1,.6111111
89,rural,Kampong Cham,Kampong Cham,.06666667,.13333334,.66666669,.40000001,0,0,0,.06666667,.80000001,.06666667,1,1,1,1,0,0,0,0,0,1,.72222221
90,rural,Kampong Cham,Kampong Cham,0,.2,.53333336,.40000001,.06666667,.80000001,.2,0,.86666667,.06666667,0,1,1,1,1,0,0,0,0,1,.6111111
91,rural,Kampong Chhnang,Kampong Chhnang,0,.2,0,.26666668,0,1,.40000001,0,.86666667,.06666667,0,1,1,0,1,0,0,0,0,1,.44444445
92,rural,Kampong Chhnang,Kampong Chhnang,0,.26666668,.06666667,.26666668,.06666667,.93333334,.26666668,0,.93333334,.13333334,0,1,1,0,1,0,0,0,0,1,.44444445
93,rural,Kampong Chhnang,Kampong Chhnang,0,.14285715,0,.5,.21428572,.071428575,.71428573,.14285715,.78571427,.14285715,0,1,1,0,0,1,0,1,0,1,.5
94,rural,Kampong Chhnang,Kampong Chhnang,0,.21428572,.071428575,.071428575,0,0,.14285715,0,.5,0,0,1,0,0,0,0,0,0,0,1,.22222222
95,urban,Kampong Chhnang,Kampong Chhnang,0,.2,.2,.30000001,0,0,.2,0,.30000001,0,0,1,1,1,0,0,0,0,0,1,.55555558
96,urban,Kampong Chhnang,Kampong Chhnang,0,.30769232,0,.15384616,0,0,.15384616,.07692308,.15384616,.07692308,0,1,1,0,0,0,0,0,0,0,.33333334
97,urban,Kampong Chhnang,Kampong Chhnang,0,.46666667,.06666667,.06666667,0,.13333334,.06666667,0,.33333334,.06666667,0,1,0,0,0,0,0,0,0,1,.22222222
98,rural,Kampong Chhnang,Kampong Chhnang,0,.07692308,.15384616,.30769232,.23076923,.76923078,.69230771,.07692308,.76923078,.15384616,0,0,1,0,1,1,0,1,0,1,.3888889
99,rural,Kampong Chhnang,Kampong Chhnang,0,.42857143,.071428575,.42857143,.071428575,.42857143,.35714287,0,.78571427,.2857143,0,1,1,0,1,0,0,0,0,1,.44444445
100,rural,Kampong Chhnang,Kampong Chhnang,0,.21428572,.071428575,.14285715,0,.21428572,.14285715,0,.42857143,.14285715,0,1,1,0,0,0,0,0,0,1,.3888889
101,rural,Kampong Chhnang,Kampong Chhnang,0,.2,0,.26666668,0,.53333336,.33333334,0,.93333334,.06666667,0,1,1,0,1,0,0,0,0,1,.44444445
102,urban,Kampong Chhnang,Kampong Chhnang,0,.2857143,0,.071428575,0,.35714287,.14285715,.071428575,.64285713,0,0,1,0,0,1,0,0,0,0,1,.27777779
103,rural,Kampong Chhnang,Kampong Chhnang,.13333334,.33333334,.06666667,.46666667,0,.2,.26666668,0,.66666669,.06666667,1,1,1,0,0,0,0,0,0,1,.55555558
104,urban,Kampong Chhnang,Kampong Chhnang,0,.21428572,0,.42857143,.071428575,.64285713,.5714286,.071428575,.5714286,.14285715,0,1,1,0,1,1,0,0,0,1,.5
105,rural,Kampong Chhnang,Kampong Chhnang,.06666667,.2,.13333334,.40000001,0,.06666667,.53333336,.2,.46666667,.13333334,1,1,1,0,0,1,0,0,0,1,.6111111
106,urban,Kampong Chhnang,Kampong Chhnang,0,.33333334,0,.2,.06666667,0,.33333334,.13333334,.86666667,.13333334,0,1,1,0,0,0,0,0,0,1,.3888889
107,rural,Kampong Chhnang,Kampong Chhnang,0,.14285715,0,.21428572,0,0,.14285715,0,.71428573,0,0,1,1,0,0,0,0,0,0,1,.3888889
108,rural,Kampong Chhnang,Kampong Chhnang,0,.13333334,0,.26666668,.93333334,.86666667,.60000002,.06666667,1,.06666667,0,1,1,0,1,1,0,1,0,1,.55555558
109,rural,Kampong Chhnang,Kampong Chhnang,.06666667,.2,0,.06666667,0,.2,.06666667,.06666667,.80000001,0,1,1,0,0,0,0,0,0,0,1,.3888889
110,rural,Kampong Chhnang,Kampong Chhnang,0,.21428572,.071428575,.35714287,.2857143,.85714287,.2857143,.071428575,.78571427,.14285715,0,1,1,0,1,0,0,1,0,1,.5
111,rural,Kampong Chhnang,Kampong Chhnang,0,.33333334,0,.33333334,0,.40000001,.40000001,0,.80000001,.13333334,0,1,1,0,1,0,0,0,0,1,.44444445
112,rural,Kampong Chhnang,Kampong Chhnang,0,.26666668,0,.2,.13333334,.2,.60000002,.13333334,.66666669,.13333334,0,1,1,0,0,1,0,1,0,1,.5
113,urban,Kampong Chhnang,Kampong Chhnang,0,.06666667,.06666667,.26666668,.06666667,.26666668,.26666668,.06666667,.46666667,.06666667,0,0,1,0,0,0,0,0,0,1,.22222222
114,rural,Kampong Chhnang,Kampong Chhnang,0,.46666667,0,.33333334,0,.13333334,0,0,.66666669,0,0,1,1,0,0,0,0,0,0,1,.3888889
115,rural,Kampong Chhnang,Kampong Chhnang,.13333334,.2,0,.2,.13333334,.2,.46666667,0,.86666667,.2,1,1,1,0,0,0,0,1,0,1,.6111111
116,rural,Kampong Chhnang,Kampong Chhnang,0,.46666667,0,.26666668,.06666667,.13333334,.26666668,.2,1,.2,0,1,1,0,0,0,0,0,0,1,.3888889
117,rural,Kampong Chhnang,Kampong Chhnang,0,.33333334,.13333334,.60000002,1,.93333334,.80000001,.06666667,.93333334,.13333334,0,1,1,0,1,1,0,1,0,1,.55555558
118,rural,Kampong Chhnang,Kampong Chhnang,0,.2857143,.21428572,.5,.35714287,.42857143,.64285713,.21428572,.9285714,.21428572,0,1,1,1,1,1,0,1,0,1,.72222221
119,rural,Kampong Speu,Kampong Speu,0,.23076923,.46153846,.23076923,0,.61538464,.15384616,0,.38461539,.07692308,0,1,1,1,1,0,0,0,0,1,.6111111
120,rural,Kampong Speu,Kampong Speu,0,.14285715,.2857143,.21428572,0,.14285715,.21428572,.21428572,.5,.21428572,0,1,1,1,0,0,0,0,0,1,.55555558
121,rural,Kampong Speu,Kampong Speu,0,.06666667,.26666668,.33333334,0,.33333334,.2,0,.26666668,.2,0,0,1,1,1,0,0,0,0,1,.44444445
122,urban,Kampong Speu,Kampong Speu,0,.13333334,.26666668,.2,0,.2,.26666668,0,.46666667,.06666667,0,1,1,1,0,0,0,0,0,1,.55555558
123,rural,Kampong Speu,Kampong Speu,0,.071428575,.5,.5,0,.42857143,.21428572,0,.5714286,.14285715,0,0,1,1,1,0,0,0,0,1,.44444445
124,urban,Kampong Speu,Kampong Speu,0,.26666668,.33333334,.26666668,0,.06666667,.26666668,.06666667,.46666667,0,0,1,1,1,0,0,0,0,0,1,.55555558
125,urban,Kampong Speu,Kampong Speu,0,0,.21428572,.21428572,0,0,.071428575,0,0,.071428575,0,0,1,1,0,0,0,0,0,0,.33333334
126,urban,Kampong Speu,Kampong Speu,.06666667,.2,.33333334,.26666668,0,.40000001,.2,.13333334,.33333334,.06666667,1,1,1,1,1,0,0,0,0,1,.77777779
127,urban,Kampong Speu,Kampong Speu,0,.35714287,.5,.14285715,0,.14285715,0,0,.071428575,0,0,1,1,1,0,0,0,0,0,0,.5
128,urban,Kampong Speu,Kampong Speu,.071428575,.2857143,.64285713,.14285715,0,.35714287,.21428572,.14285715,0,0,1,1,1,1,1,0,0,0,0,0,.72222221
129,rural,Kampong Speu,Kampong Speu,0,.13333334,.46666667,.26666668,0,0,.13333334,.13333334,.2,.13333334,0,1,1,1,0,0,0,0,0,0,.5
130,urban,Kampong Speu,Kampong Speu,0,.13333334,.33333334,0,0,.13333334,.13333334,.06666667,.33333334,.06666667,0,1,0,1,0,0,0,0,0,1,.3888889
131,rural,Kampong Speu,Kampong Speu,0,.26666668,.26666668,.26666668,.2,.26666668,.33333334,.40000001,.66666669,.2,0,1,1,1,0,0,0,1,0,1,.6111111
132,urban,Kampong Speu,Kampong Speu,0,.13333334,.53333336,0,0,.26666668,.40000001,.13333334,.86666667,0,0,1,0,1,0,0,0,0,0,1,.3888889
133,urban,Kampong Speu,Kampong Speu,0,.071428575,.35714287,.35714287,0,.2857143,.21428572,.071428575,.5714286,.14285715,0,0,1,1,0,0,0,0,0,1,.3888889
134,urban,Kampong Speu,Kampong Speu,0,.2,.46666667,.13333334,0,.46666667,.2,.13333334,.80000001,.13333334,0,1,1,1,1,0,0,0,0,1,.6111111
135,urban,Kampong Speu,Kampong Speu,0,.2,.2,.26666668,0,.40000001,.26666668,.06666667,.26666668,.33333334,0,1,1,1,1,0,0,0,0,1,.6111111
136,rural,Kampong Speu,Kampong Speu,0,.14285715,.33333334,.33333334,0,.13333334,.40000001,.2,.46666667,.06666667,0,1,1,1,0,0,0,0,0,1,.55555558
137,rural,Kampong Speu,Kampong Speu,0,.21428572,.5,.5714286,.2857143,.85714287,.85714287,.42857143,1,.14285715,0,1,1,1,1,1,0,1,0,1,.72222221
138,urban,Kampong Speu,Kampong Speu,0,.07692308,.46153846,.30769232,0,.07692308,.30769232,.15384616,.53846157,.15384616,0,0,1,1,0,0,0,0,0,1,.3888889
139,rural,Kampong Speu,Kampong Speu,.06666667,.40000001,.2,.40000001,1,.93333334,.73333335,.2,.93333334,.2,1,1,1,1,1,1,0,1,0,1,.8888889
140,rural,Kampong Speu,Kampong Speu,0,.14285715,.5,.35714287,.21428572,.35714287,.5,.14285715,.64285713,.14285715,0,1,1,1,1,1,0,1,0,1,.72222221
141,urban,Kampong Speu,Kampong Speu,0,.2,.2,.2,0,0,.2,.13333334,.40000001,.13333334,0,1,1,1,0,0,0,0,0,1,.55555558
142,urban,Kampong Speu,Kampong Speu,0,.26666668,.26666668,.2,0,.06666667,0,0,.46666667,.06666667,0,1,1,1,0,0,0,0,0,1,.55555558
143,urban,Kampong Speu,Kampong Speu,0,.26666668,.2,.13333334,0,.06666667,.13333334,.06666667,.33333334,.06666667,0,1,1,1,0,0,0,0,0,1,.55555558
144,urban,Kampong Speu,Kampong Speu,0,.2,.26666668,.40000001,0,.53333336,.2,.13333334,.33333334,.13333334,0,1,1,1,1,0,0,0,0,1,.6111111
145,rural,Kampong Speu,Kampong Speu,0,0,.26666668,.2,0,0,0,0,.13333334,0,0,0,1,1,0,0,0,0,0,0,.33333334
146,rural,Kampong Speu,Kampong Speu,0,.15384616,.23076923,.16666667,0,.69230771,.53846157,.15384616,.69230771,.07692308,0,1,1,1,1,1,0,0,0,1,.66666669
147,rural,Kampong Speu,Kampong Speu,0,.083333336,.33333334,.33333334,.41666666,1,.41666666,.33333334,.75,.25,0,0,1,1,1,0,0,1,0,1,.5
148,urban,Kampong Speu,Kampong Speu,.06666667,.13333334,.33333334,.13333334,0,.66666669,.2,.13333334,.73333335,.33333334,1,1,1,1,1,0,0,0,0,1,.77777779
149,rural,Kampong Thom,Kampong Thom,0,.13333334,.06666667,.46666667,0,.2,.2,0,.53333336,0,0,1,1,0,0,0,0,0,0,1,.3888889
150,rural,Kampong Thom,Kampong Thom,0,.26666668,.2,.2,0,.26666668,.66666669,0,.60000002,.13333334,0,1,1,1,0,1,0,0,0,1,.6111111
151,rural,Kampong Thom,Kampong Thom,0,.13333334,.06666667,.42857143,0,.66666669,.13333334,0,.40000001,.06666667,0,1,1,0,1,0,0,0,0,1,.44444445
152,rural,Kampong Thom,Kampong Thom,0,.13333334,.13333334,.2,0,.53333336,.46666667,0,.66666669,.2,0,1,1,0,1,0,0,0,0,1,.44444445
153,rural,Kampong Thom,Kampong Thom,.07692308,.14285715,.14285715,.21428572,.21428572,.21428572,.071428575,0,.71428573,.14285715,1,1,1,0,0,0,0,1,0,1,.6111111
154,rural,Kampong Thom,Kampong Thom,0,.35714287,.071428575,.38461539,0,.5,.071428575,0,.71428573,0,0,1,1,0,1,0,0,0,0,1,.44444445
155,rural,Kampong Thom,Kampong Thom,0,.26666668,0,.06666667,0,.40000001,.06666667,.13333334,.46666667,0,0,1,0,0,1,0,0,0,0,1,.27777779
156,rural,Kampong Thom,Kampong Thom,0,.071428575,.2,.13333334,0,.2,.2,0,.53333336,.06666667,0,0,1,1,0,0,0,0,0,1,.3888889
157,urban,Kampong Thom,Kampong Thom,0,.2,.13333334,.13333334,0,0,0,0,.06666667,.06666667,0,1,1,0,0,0,0,0,0,0,.33333334
158,urban,Kampong Thom,Kampong Thom,0,.21428572,.33333334,.06666667,0,.40000001,.06666667,0,.46666667,0,0,1,0,1,1,0,0,0,0,1,.44444445
159,urban,Kampong Thom,Kampong Thom,.06666667,.13333334,.06666667,.2,0,.53333336,.13333334,.13333334,.60000002,0,1,1,1,0,1,0,0,0,0,1,.6111111
160,rural,Kampong Thom,Kampong Thom,0,.2,.2,.60000002,.53333336,.73333335,.2,0,1,.46666667,0,1,1,1,1,0,0,1,0,1,.66666669
161,rural,Kampong Thom,Kampong Thom,0,.33333334,.33333334,.78571427,.40000001,.93333334,.66666669,.13333334,1,.40000001,0,1,1,1,1,1,0,1,0,1,.72222221
162,rural,Kampong Thom,Kampong Thom,0,.2,.13333334,.60000002,0,.86666667,.2,.2,1,.13333334,0,1,1,0,1,0,0,0,0,1,.44444445
163,rural,Kampong Thom,Kampong Thom,0,.21428572,.06666667,.2,0,.46666667,.13333334,.06666667,.80000001,.06666667,0,1,1,0,1,0,0,0,0,1,.44444445
164,rural,Kampong Thom,Kampong Thom,0,.13333334,.2,.33333334,0,.53333336,.06666667,0,1,0,0,1,1,1,1,0,0,0,0,1,.6111111
165,rural,Kampong Thom,Kampong Thom,0,.2,.13333334,.26666668,.80000001,.73333335,.46666667,.2,.66666669,0,0,1,1,0,1,0,0,1,0,1,.5
166,rural,Kampong Thom,Kampong Thom,0,.2,.2,.33333334,.86666667,.73333335,.33333334,0,.66666669,.13333334,0,1,1,1,1,0,0,1,0,1,.66666669
167,rural,Kampong Thom,Kampong Thom,0,.2,0,.53333336,.13333334,.73333335,.2,.06666667,.66666669,.13333334,0,1,1,0,1,0,0,1,0,1,.5
168,rural,Kampong Thom,Kampong Thom,0,.2,0,.2,.06666667,.33333334,0,.13333334,.33333334,0,0,1,1,0,1,0,0,0,0,1,.44444445
169,rural,Kampong Thom,Kampong Thom,0,0,.2,.26666668,0,.53333336,.53333336,0,.86666667,.06666667,0,0,1,1,1,1,0,0,0,1,.5
170,rural,Kampong Thom,Kampong Thom,0,.21428572,.13333334,.46666667,0,.46666667,.53333336,.13333334,.66666669,0,0,1,1,0,1,1,0,0,0,1,.5
171,rural,Kampong Thom,Kampong Thom,0,.13333334,.13333334,.35714287,.13333334,.40000001,.46666667,0,.46666667,.06666667,0,1,1,0,1,0,0,1,0,1,.5
172,rural,Kampong Thom,Kampong Thom,0,.13333334,.26666668,.26666668,0,.06666667,.13333334,0,.73333335,0,0,1,1,1,0,0,0,0,0,1,.55555558
173,rural,Kampong Thom,Kampong Thom,0,.2,.2,.35714287,0,.53333336,.13333334,0,.66666669,0,0,1,1,1,1,0,0,0,0,1,.6111111
174,rural,Kampong Thom,Kampong Thom,0,.13333334,.13333334,.46666667,0,.53333336,.46666667,.06666667,.73333335,.2,0,1,1,0,1,0,0,0,0,1,.44444445
175,urban,Kampong Thom,Kampong Thom,0,.21428572,0,.33333334,0,.53333336,.26666668,.06666667,.60000002,.06666667,0,1,1,0,1,0,0,0,0,1,.44444445
176,rural,Kampong Thom,Kampong Thom,0,.13333334,.2,.21428572,0,.26666668,.13333334,0,.86666667,0,0,1,1,1,0,0,0,0,0,1,.55555558
177,rural,Kampong Thom,Kampong Thom,0,.06666667,.2,.40000001,0,.66666669,.2,0,.66666669,.06666667,0,0,1,1,1,0,0,0,0,1,.44444445
178,rural,Kampot & Kep,Kampot & Kep,.06666667,.14285715,.2,.33333334,0,.53333336,.40000001,.2,.60000002,.2,1,1,1,1,1,0,0,0,0,1,.77777779
179,rural,Kampot & Kep,Kampot & Kep,0,.13333334,.2,.26666668,0,.40000001,.2,.2,.53333336,.40000001,0,1,1,1,1,0,0,0,0,1,.6111111
180,rural,Kampot & Kep,Kampot & Kep,0,.2,.2,.06666667,0,.40000001,.2,0,.13333334,.2,0,1,0,1,1,0,0,0,0,0,.3888889
181,rural,Kampot & Kep,Kampot & Kep,0,.21428572,.33333334,.26666668,.06666667,.33333334,.13333334,.13333334,.46666667,.2,0,1,1,1,1,0,0,0,0,1,.6111111
182,rural,Kampot & Kep,Kampot & Kep,0,.13333334,.13333334,.06666667,0,.40000001,.26666668,.06666667,.46666667,0,0,1,0,0,1,0,0,0,0,1,.27777779
183,rural,Kampot & Kep,Kampot & Kep,0,.2857143,.26666668,.06666667,.06666667,.40000001,.33333334,0,.46666667,.06666667,0,1,0,1,1,0,0,0,0,1,.44444445
184,rural,Kampot & Kep,Kampot & Kep,0,.2,.06666667,.2,0,.2,.06666667,.13333334,.2,.06666667,0,1,1,0,0,0,0,0,0,0,.33333334
185,rural,Kampot & Kep,Kampot & Kep,.06666667,.13333334,.2,.26666668,.06666667,.06666667,.26666668,.06666667,.80000001,.06666667,1,1,1,1,0,0,0,0,0,1,.72222221
186,rural,Kampot & Kep,Kampot & Kep,0,.26666668,.46666667,.33333334,0,.26666668,.26666668,.2,.46666667,.2,0,1,1,1,0,0,0,0,0,1,.55555558
187,rural,Kampot & Kep,Kampot & Kep,0,.2,.13333334,.26666668,.06666667,.2,.46666667,0,.33333334,.13333334,0,1,1,0,0,0,0,0,0,1,.3888889
188,rural,Kampot & Kep,Kampot & Kep,0,.33333334,.06666667,.06666667,0,.40000001,.33333334,0,.26666668,.13333334,0,1,0,0,1,0,0,0,0,1,.27777779
189,rural,Kampot & Kep,Kampot & Kep,0,.06666667,.33333334,.2,0,.26666668,.26666668,.06666667,.46666667,.13333334,0,0,1,1,0,0,0,0,0,1,.3888889
190,rural,Kampot & Kep,Kampot & Kep,0,.2,.26666668,.13333334,0,.06666667,.13333334,0,.33333334,.06666667,0,1,1,1,0,0,0,0,0,1,.55555558
191,rural,Kampot & Kep,Kampot & Kep,0,.13333334,.2,.13333334,0,.46666667,.26666668,.2,.40000001,.06666667,0,1,1,1,1,0,0,0,0,1,.6111111
192,rural,Kampot & Kep,Kampot & Kep,0,.06666667,.06666667,.26666668,0,.26666668,.26666668,.13333334,.40000001,.06666667,0,0,1,0,0,0,0,0,0,1,.22222222
193,rural,Kampot & Kep,Kampot & Kep,0,0,.06666667,.33333334,.13333334,.66666669,.40000001,0,.53333336,0,0,0,1,0,1,0,0,1,0,1,.33333334
194,rural,Kampot & Kep,Kampot & Kep,0,.13333334,.40000001,.2,0,.26666668,.2,.06666667,.46666667,.13333334,0,1,1,1,0,0,0,0,0,1,.55555558
195,rural,Kampot & Kep,Kampot & Kep,0,.14285715,.26666668,.33333334,0,.80000001,.40000001,.06666667,.46666667,.06666667,0,1,1,1,1,0,0,0,0,1,.6111111
196,urban,Kampot & Kep,Kampot & Kep,0,.13333334,0,.26666668,0,0,0,0,.06666667,0,0,1,1,0,0,0,0,0,0,0,.33333334
197,rural,Kampot & Kep,Kampot & Kep,0,.13333334,.26666668,.26666668,0,.33333334,.13333334,0,.33333334,.06666667,0,1,1,1,1,0,0,0,0,1,.6111111
198,rural,Kampot & Kep,Kampot & Kep,0,0,.2857143,.35714287,0,.5714286,.35714287,0,.2857143,.071428575,0,0,1,1,1,0,0,0,0,1,.44444445
199,rural,Kampot & Kep,Kampot & Kep,0,.33333334,.26666668,.60000002,.13333334,.26666668,.46666667,.13333334,.53333336,.13333334,0,1,1,1,0,0,0,1,0,1,.6111111
200,urban,Kampot & Kep,Kampot & Kep,0,.2,.13333334,.13333334,0,0,.13333334,.13333334,.40000001,.13333334,0,1,1,0,0,0,0,0,0,1,.3888889
201,rural,Kampot & Kep,Kampot & Kep,0,.2,0,.06666667,0,.66666669,.13333334,0,.40000001,.06666667,0,1,0,0,1,0,0,0,0,1,.27777779
202,rural,Kampot & Kep,Kampot & Kep,0,.26666668,.06666667,.13333334,.06666667,.2,.2,.06666667,.26666668,.26666668,0,1,1,0,0,0,0,0,0,1,.3888889
203,rural,Kampot & Kep,Kampot & Kep,.06666667,.26666668,.40000001,.40000001,.06666667,.33333334,.2,.06666667,.13333334,.13333334,1,1,1,1,1,0,0,0,0,0,.72222221
204,rural,Kampot & Kep,Kampot & Kep,0,.46666667,.13333334,.13333334,0,.13333334,.06666667,.06666667,.2,.13333334,0,1,1,0,0,0,0,0,0,0,.33333334
205,urban,Kampot & Kep,Kampot & Kep,0,.16666667,.083333336,.083333336,0,.083333336,.083333336,0,0,.083333336,0,1,0,0,0,0,0,0,0,0,.16666667
206,urban,Kampot & Kep,Kampot & Kep,0,.21428572,.26666668,.2,0,0,.06666667,.06666667,.13333334,.2,0,1,1,1,0,0,0,0,0,0,.5
207,urban,Kandal,Kandal,0,.26666668,.40000001,.26666668,0,.06666667,.26666668,.13333334,.2,.13333334,0,1,1,1,0,0,0,0,0,0,.5
208,urban,Kandal,Kandal,0,.26666668,.26666668,.06666667,0,0,.13333334,.13333334,.13333334,0,0,1,0,1,0,0,0,0,0,0,.33333334
209,urban,Kandal,Kandal,0,.21428572,.35714287,.21428572,0,0,.2857143,0,.42857143,.14285715,0,1,1,1,0,0,0,0,0,1,.55555558
210,urban,Kandal,Kandal,0,0,.40000001,.13333334,0,0,.2,0,.26666668,0,0,0,1,1,0,0,0,0,0,1,.3888889
211,urban,Kandal,Kandal,0,.2,.26666668,.2,0,.2,.46666667,0,.26666668,.06666667,0,1,1,1,0,0,0,0,0,1,.55555558
212,urban,Kandal,Kandal,0,0,.33333334,.13333334,0,0,0,.13333334,.13333334,0,0,0,1,1,0,0,0,0,0,0,.33333334
213,rural,Kandal,Kandal,0,.2,.2,.2,0,.2,.06666667,.2,.33333334,.13333334,0,1,1,1,0,0,0,0,0,1,.55555558
214,urban,Kandal,Kandal,0,.21428572,.21428572,.35714287,0,0,0,.2857143,.2857143,0,0,1,1,1,0,0,0,0,0,1,.55555558
215,rural,Kandal,Kandal,0,.13333334,.40000001,.40000001,0,.26666668,.40000001,0,.40000001,.06666667,0,1,1,1,0,0,0,0,0,1,.55555558
216,rural,Kandal,Kandal,0,.14285715,.21428572,.30769232,0,0,.14285715,.14285715,.5,.21428572,0,1,1,1,0,0,0,0,0,1,.55555558
217,rural,Kandal,Kandal,0,.071428575,.5,.85714287,0,0,.85714287,0,.14285715,0,0,0,1,1,0,1,0,0,0,0,.3888889
218,rural,Kandal,Kandal,0,.06666667,.33333334,.14285715,0,.06666667,.13333334,.06666667,.46666667,0,0,0,1,1,0,0,0,0,0,1,.3888889
219,rural,Kandal,Kandal,0,.2,.33333334,.13333334,0,.13333334,.13333334,.06666667,.33333334,.06666667,0,1,1,1,0,0,0,0,0,1,.55555558
220,urban,Kandal,Kandal,0,.06666667,.33333334,.46666667,0,0,.06666667,0,.2,.06666667,0,0,1,1,0,0,0,0,0,0,.33333334
221,rural,Kandal,Kandal,0,.14285715,.42857143,0,0,0,.14285715,.21428572,.5714286,0,0,1,0,1,0,0,0,0,0,1,.3888889
222,rural,Kandal,Kandal,0,.40000001,.2,0,0,.06666667,.26666668,0,.40000001,0,0,1,0,1,0,0,0,0,0,1,.3888889
223,urban,Kandal,Kandal,0,.071428575,.2857143,.21428572,0,0,.14285715,.071428575,.2857143,0,0,0,1,1,0,0,0,0,0,1,.3888889
224,urban,Kandal,Kandal,0,.21428572,.40000001,.21428572,0,.06666667,.2,0,.13333334,.06666667,0,1,1,1,0,0,0,0,0,0,.5
225,urban,Kandal,Kandal,0,.13333334,.2,0,0,.06666667,.06666667,.13333334,.26666668,0,0,1,0,1,0,0,0,0,0,1,.3888889
226,urban,Kandal,Kandal,0,.2,.40000001,.13333334,0,0,.06666667,.06666667,.13333334,.06666667,0,1,1,1,0,0,0,0,0,0,.5
227,urban,Kandal,Kandal,0,0,.5,.071428575,0,.71428573,.21428572,.071428575,.35714287,0,0,0,0,1,1,0,0,0,0,1,.27777779
228,rural,Kandal,Kandal,0,.06666667,.26666668,.13333334,0,.13333334,.26666668,0,.13333334,.13333334,0,0,1,1,0,0,0,0,0,0,.33333334
229,urban,Kandal,Kandal,0,.06666667,.26666668,.06666667,0,0,.40000001,0,0,.06666667,0,0,0,1,0,0,0,0,0,0,.16666667
230,rural,Kandal,Kandal,0,0,.21428572,.14285715,0,0,.21428572,.14285715,.5,.071428575,0,0,1,1,0,0,0,0,0,1,.3888889
231,rural,Kandal,Kandal,0,.21428572,.2857143,.2857143,0,.14285715,.5,.42857143,.21428572,.14285715,0,1,1,1,0,1,0,0,0,0,.55555558
232,urban,Kandal,Kandal,0,.2,.26666668,.2,0,0,.06666667,0,.06666667,0,0,1,1,1,0,0,0,0,0,0,.5
233,urban,Kandal,Kandal,0,.2,.53333336,.46666667,0,0,.26666668,.13333334,.13333334,.13333334,0,1,1,1,0,0,0,0,0,0,.5
234,rural,Kandal,Kandal,0,.13333334,.26666668,.2,0,0,.06666667,.06666667,.33333334,0,0,1,1,1,0,0,0,0,0,1,.55555558
235,rural,Kandal,Kandal,0,.2,.13333334,.06666667,0,.46666667,.06666667,.06666667,.2,0,0,1,0,0,1,0,0,0,0,0,.22222222
236,urban,Kandal,Kandal,0,.06666667,.40000001,.2,0,0,.2,0,.06666667,.13333334,0,0,1,1,0,0,0,0,0,0,.33333334
237,urban,Kandal,Kandal,.071428575,.14285715,.14285715,.071428575,0,0,.071428575,.071428575,0,.14285715,1,1,0,0,0,0,0,0,0,0,.33333334
238,rural,Preah Sihanouk and Koh Kong,Preah Sihanouk and Koh Kong,0,.2,.33333334,.26666668,0,0,.40000001,.06666667,.40000001,.2,0,1,1,1,0,0,0,0,0,1,.55555558
239,rural,Preah Sihanouk and Koh Kong,Preah Sihanouk and Koh Kong,0,.40000001,.06666667,.26666668,.06666667,.66666669,.26666668,0,.66666669,.46666667,0,1,1,0,1,0,0,0,0,1,.44444445
240,rural,Preah Sihanouk and Koh Kong,Preah Sihanouk and Koh Kong,0,0,.26666668,.33333334,0,.86666667,.46666667,0,.33333334,.06666667,0,0,1,1,1,0,0,0,0,1,.44444445
241,rural,Preah Sihanouk and Koh Kong,Preah Sihanouk and Koh Kong,0,.26666668,.40000001,.66666669,.06666667,.13333334,.66666669,.06666667,.40000001,.2,0,1,1,1,0,1,0,0,0,1,.6111111
242,rural,Preah Sihanouk and Koh Kong,Preah Sihanouk and Koh Kong,.06666667,.13333334,.2,.40000001,0,.06666667,.73333335,0,.60000002,.60000002,1,1,1,1,0,1,0,0,0,1,.77777779
243,urban,Preah Sihanouk and Koh Kong,Preah Sihanouk and Koh Kong,0,.06666667,.06666667,.26666668,0,.06666667,.46666667,0,.06666667,.26666668,0,0,1,0,0,0,0,0,0,0,.16666667
244,rural,Preah Sihanouk and Koh Kong,Preah Sihanouk and Koh Kong,0,.13333334,.33333334,.06666667,.26666668,.53333336,.53333336,0,.40000001,.33333334,0,1,0,1,1,1,0,1,0,1,.55555558
245,rural,Preah Sihanouk and Koh Kong,Preah Sihanouk and Koh Kong,0,.06666667,.33333334,.40000001,1,.66666669,.53333336,0,.73333335,.80000001,0,0,1,1,1,1,0,1,1,1,.6111111
246,urban,Preah Sihanouk and Koh Kong,Preah Sihanouk and Koh Kong,0,.26666668,.26666668,.2,0,0,.40000001,0,0,.2,0,1,1,1,0,0,0,0,0,0,.5
247,urban,Preah Sihanouk and Koh Kong,Preah Sihanouk and Koh Kong,0,.13333334,0,.13333334,0,0,0,0,0,.06666667,0,1,1,0,0,0,0,0,0,0,.33333334
248,urban,Preah Sihanouk and Koh Kong,Preah Sihanouk and Koh Kong,0,.06666667,.13333334,.06666667,0,0,0,0,0,.06666667,0,0,0,0,0,0,0,0,0,0,0
249,urban,Preah Sihanouk and Koh Kong,Preah Sihanouk and Koh Kong,0,0,.21428572,.35714287,0,0,.35714287,0,0,.14285715,0,0,1,1,0,0,0,0,0,0,.33333334
250,urban,Preah Sihanouk and Koh Kong,Preah Sihanouk and Koh Kong,0,.35714287,.33333334,.06666667,0,0,0,0,.06666667,.13333334,0,1,0,1,0,0,0,0,0,0,.33333334
251,urban,Preah Sihanouk and Koh Kong,Preah Sihanouk and Koh Kong,0,.13333334,.13333334,.40000001,0,0,.13333334,0,0,.33333334,0,1,1,0,0,0,0,0,0,0,.33333334
252,urban,Preah Sihanouk and Koh Kong,Preah Sihanouk and Koh Kong,0,.2857143,.14285715,.21428572,0,.14285715,.35714287,.071428575,.42857143,.35714287,0,1,1,0,0,0,0,0,0,1,.3888889
253,rural,Preah Sihanouk and Koh Kong,Preah Sihanouk and Koh Kong,0,0,.13333334,.26666668,.06666667,0,.13333334,.06666667,.13333334,.2,0,0,1,0,0,0,0,0,0,0,.16666667
254,rural,Preah Sihanouk and Koh Kong,Preah Sihanouk and Koh Kong,0,0,.40000001,.13333334,0,.80000001,.33333334,.06666667,.80000001,.13333334,0,0,1,1,1,0,0,0,0,1,.44444445
255,rural,Preah Sihanouk and Koh Kong,Preah Sihanouk and Koh Kong,0,.21428572,.33333334,.13333334,0,.33333334,.33333334,0,.40000001,.06666667,0,1,1,1,1,0,0,0,0,1,.6111111
256,rural,Preah Sihanouk and Koh Kong,Preah Sihanouk and Koh Kong,0,.13333334,.13333334,.26666668,.26666668,.46666667,.26666668,0,.53333336,.40000001,0,1,1,0,1,0,0,1,0,1,.5
257,rural,Preah Sihanouk and Koh Kong,Preah Sihanouk and Koh Kong,0,0,0,.33333334,.06666667,.80000001,0,.06666667,.66666669,.13333334,0,0,1,0,1,0,0,0,0,1,.27777779
258,rural,Preah Sihanouk and Koh Kong,Preah Sihanouk and Koh Kong,0,.2,.2,.46666667,0,.73333335,.40000001,.06666667,.80000001,.13333334,0,1,1,1,1,0,0,0,0,1,.6111111
259,rural,Preah Sihanouk and Koh Kong,Preah Sihanouk and Koh Kong,0,.26666668,.40000001,.73333335,.93333334,.66666669,.73333335,0,.80000001,.2,0,1,1,1,1,1,0,1,0,1,.72222221
260,urban,Preah Sihanouk and Koh Kong,Preah Sihanouk and Koh Kong,0,.33333334,.40000001,.2,.06666667,.80000001,.40000001,0,.60000002,.40000001,0,1,1,1,1,0,0,0,0,1,.6111111
261,urban,Preah Sihanouk and Koh Kong,Preah Sihanouk and Koh Kong,0,.06666667,.06666667,.13333334,0,.06666667,0,0,.06666667,.06666667,0,0,1,0,0,0,0,0,0,0,.16666667
262,rural,Preah Sihanouk and Koh Kong,Preah Sihanouk and Koh Kong,0,.15384616,.53846157,.38461539,1,.92307693,.30769232,0,.69230771,0,0,1,1,1,1,0,0,1,0,1,.66666669
263,rural,Preah Sihanouk and Koh Kong,Preah Sihanouk and Koh Kong,0,.06666667,.2,.06666667,0,.33333334,0,0,.13333334,0,0,0,0,1,1,0,0,0,0,0,.22222222
264,urban,Kratie,Kratie,0,0,.06666667,.46666667,0,0,.13333334,0,.60000002,.06666667,0,0,1,0,0,0,0,0,0,1,.22222222
265,rural,Kratie,Kratie,0,0,0,.46666667,.93333334,.46666667,.33333334,.06666667,.93333334,.26666668,0,0,1,0,1,0,0,1,0,1,.33333334
266,rural,Kratie,Kratie,0,.2,0,.06666667,0,0,0,0,.26666668,0,0,1,0,0,0,0,0,0,0,1,.22222222
267,rural,Kratie,Kratie,0,.06666667,.06666667,.33333334,.73333335,.2,.66666669,.06666667,.66666669,.13333334,0,0,1,0,0,1,0,1,0,1,.33333334
268,rural,Kratie,Kratie,0,.13333334,.13333334,.53333336,0,0,.13333334,0,.80000001,.2,0,1,1,0,0,0,0,0,0,1,.3888889
269,urban,Kratie,Kratie,0,.13333334,.06666667,.06666667,0,0,.06666667,0,.26666668,.06666667,0,1,0,0,0,0,0,0,0,1,.22222222
270,urban,Kratie,Kratie,0,.13333334,.06666667,.26666668,0,.06666667,.26666668,.06666667,.80000001,.06666667,0,1,1,0,0,0,0,0,0,1,.3888889
271,urban,Kratie,Kratie,0,.13333334,0,.06666667,.06666667,0,.13333334,0,.26666668,.06666667,0,1,0,0,0,0,0,0,0,1,.22222222
272,rural,Kratie,Kratie,0,.26666668,.06666667,.86666667,.06666667,.26666668,.53333336,0,.93333334,.2,0,1,1,0,0,1,0,0,0,1,.44444445
273,rural,Kratie,Kratie,0,.06666667,0,.2,0,.06666667,.33333334,.06666667,.80000001,.06666667,0,0,1,0,0,0,0,0,0,1,.22222222
274,rural,Kratie,Kratie,0,.06666667,0,.06666667,0,0,.06666667,0,.46666667,0,0,0,0,0,0,0,0,0,0,1,.055555556
275,rural,Kratie,Kratie,.06666667,.06666667,0,.2,0,0,.06666667,0,.73333335,0,1,0,1,0,0,0,0,0,0,1,.3888889
276,rural,Kratie,Kratie,0,.06666667,0,.2,0,.06666667,.13333334,0,.53333336,0,0,0,1,0,0,0,0,0,0,1,.22222222
277,rural,Kratie,Kratie,0,0,.2,.33333334,1,.46666667,.33333334,.06666667,.86666667,.33333334,0,0,1,1,1,0,0,1,0,1,.5
278,rural,Kratie,Kratie,0,.26666668,.2,.26666668,1,.86666667,.53333336,.06666667,1,.33333334,0,1,1,1,1,1,0,1,0,1,.72222221
279,rural,Kratie,Kratie,0,.13333334,.06666667,.2,0,.13333334,.06666667,.26666668,.60000002,.13333334,0,1,1,0,0,0,0,0,0,1,.3888889
280,rural,Kratie,Kratie,0,.06666667,0,.06666667,0,.06666667,.2,.06666667,.60000002,.13333334,0,0,0,0,0,0,0,0,0,1,.055555556
281,rural,Kratie,Kratie,.071428575,.5,.071428575,.5714286,.78571427,.9285714,.78571427,.21428572,1,.42857143,1,1,1,0,1,1,0,1,0,1,.72222221
282,rural,Kratie,Kratie,0,.2,.26666668,.13333334,.13333334,.40000001,.26666668,.06666667,.80000001,0,0,1,1,1,1,0,0,1,0,1,.66666669
283,rural,Kratie,Kratie,0,.2,.06666667,.13333334,.53333336,.13333334,.60000002,.2,.53333336,0,0,1,1,0,0,1,0,1,0,1,.5
284,rural,Kratie,Kratie,.06666667,.06666667,.26666668,.40000001,.33333334,.40000001,.60000002,.06666667,.93333334,0,1,0,1,1,1,1,0,1,0,1,.72222221
285,rural,Kratie,Kratie,0,0,.06666667,.46666667,.40000001,.66666669,.66666669,.06666667,.93333334,0,0,0,1,0,1,1,0,1,0,1,.3888889
286,rural,Kratie,Kratie,0,.13333334,.13333334,.40000001,.2,.33333334,.13333334,.06666667,1,.13333334,0,1,1,0,1,0,0,1,0,1,.5
287,rural,Kratie,Kratie,0,.2,.13333334,.60000002,.60000002,.46666667,.80000001,0,.93333334,.13333334,0,1,1,0,1,1,0,1,0,1,.55555558
288,rural,Kratie,Kratie,0,.2,.26666668,.26666668,1,.40000001,.80000001,.33333334,.93333334,.06666667,0,1,1,1,1,1,0,1,0,1,.72222221
289,rural,Kratie,Kratie,0,.071428575,.14285715,.42857143,.2857143,.21428572,.42857143,.071428575,.9285714,0,0,0,1,0,0,0,0,1,0,1,.27777779
290,rural,Kratie,Kratie,0,0,.06666667,.2,0,0,.13333334,.06666667,.53333336,.06666667,0,0,1,0,0,0,0,0,0,1,.22222222
291,rural,Kratie,Kratie,.06666667,.33333334,.06666667,.46666667,.73333335,.40000001,.33333334,.13333334,1,0,1,1,1,0,1,0,0,1,0,1,.66666669
292,rural,Mondul Kiri and Ratanak Kiri,Mondul Kiri and Ratanak Kiri,0,.33333334,.33333334,.26666668,.73333335,.66666669,.73333335,0,.93333334,.13333334,0,1,1,1,1,1,0,1,0,1,.72222221
293,rural,Mondul Kiri and Ratanak Kiri,Mondul Kiri and Ratanak Kiri,.071428575,.14285715,.40000001,.33333334,.66666669,.53333336,.66666669,.13333334,.73333335,.13333334,1,1,1,1,1,1,0,1,0,1,.8888889
294,rural,Mondul Kiri and Ratanak Kiri,Mondul Kiri and Ratanak Kiri,0,.13333334,.26666668,.26666668,1,.46666667,.93333334,.06666667,.93333334,0,0,1,1,1,1,1,0,1,0,1,.72222221
295,urban,Mondul Kiri and Ratanak Kiri,Mondul Kiri and Ratanak Kiri,0,.06666667,.2,.33333334,0,.13333334,.40000001,.06666667,.46666667,.06666667,0,0,1,1,0,0,0,0,0,1,.3888889
296,urban,Mondul Kiri and Ratanak Kiri,Mondul Kiri and Ratanak Kiri,0,.2,.2,.40000001,.93333334,0,.80000001,.13333334,1,.13333334,0,1,1,1,0,1,0,1,0,1,.66666669
297,urban,Mondul Kiri and Ratanak Kiri,Mondul Kiri and Ratanak Kiri,0,.21428572,.26666668,.13333334,0,.53333336,.13333334,.06666667,.2,0,0,1,1,1,1,0,0,0,0,0,.55555558
298,rural,Mondul Kiri and Ratanak Kiri,Mondul Kiri and Ratanak Kiri,0,.26666668,.33333334,.2,1,.26666668,.80000001,.06666667,1,.06666667,0,1,1,1,0,1,0,1,0,1,.66666669
299,rural,Mondul Kiri and Ratanak Kiri,Mondul Kiri and Ratanak Kiri,0,.35714287,.2,.2,.06666667,.13333334,.46666667,.06666667,.73333335,.2,0,1,1,1,0,0,0,0,0,1,.55555558
300,rural,Mondul Kiri and Ratanak Kiri,Mondul Kiri and Ratanak Kiri,.06666667,.2,.2,.13333334,.06666667,.40000001,.06666667,.13333334,.73333335,.13333334,1,1,1,1,1,0,0,0,0,1,.77777779
301,rural,Mondul Kiri and Ratanak Kiri,Mondul Kiri and Ratanak Kiri,.06666667,.46666667,.13333334,.93333334,.86666667,.86666667,1,.26666668,1,.40000001,1,1,1,0,1,1,0,1,0,1,.72222221
302,rural,Mondul Kiri and Ratanak Kiri,Mondul Kiri and Ratanak Kiri,0,.30769232,.5714286,.35714287,.85714287,.42857143,.85714287,.21428572,1,.2857143,0,1,1,1,1,1,0,1,0,1,.72222221
303,rural,Mondul Kiri and Ratanak Kiri,Mondul Kiri and Ratanak Kiri,0,.2857143,.2,.40000001,.40000001,.66666669,.60000002,.13333334,.93333334,.13333334,0,1,1,1,1,1,0,1,0,1,.72222221
304,urban,Mondul Kiri and Ratanak Kiri,Mondul Kiri and Ratanak Kiri,0,.14285715,.071428575,.14285715,.14285715,.42857143,.35714287,.14285715,.5,.071428575,0,1,1,0,1,0,0,1,0,1,.5
305,urban,Mondul Kiri and Ratanak Kiri,Mondul Kiri and Ratanak Kiri,.06666667,0,.2,0,0,0,.2,.13333334,.26666668,.06666667,1,0,0,1,0,0,0,0,0,1,.3888889
306,rural,Mondul Kiri and Ratanak Kiri,Mondul Kiri and Ratanak Kiri,0,.33333334,.26666668,.46666667,.2,.60000002,.13333334,.13333334,.80000001,0,0,1,1,1,1,0,0,1,0,1,.66666669
307,rural,Mondul Kiri and Ratanak Kiri,Mondul Kiri and Ratanak Kiri,0,.33333334,0,.26666668,.2,.26666668,.53333336,.06666667,.73333335,0,0,1,1,0,0,1,0,1,0,1,.5
308,rural,Mondul Kiri and Ratanak Kiri,Mondul Kiri and Ratanak Kiri,.06666667,.2857143,.33333334,.46666667,1,1,.86666667,0,1,.26666668,1,1,1,1,1,1,0,1,0,1,.8888889
309,rural,Mondul Kiri and Ratanak Kiri,Mondul Kiri and Ratanak Kiri,0,.40000001,.13333334,.46666667,0,.13333334,.53333336,.06666667,.33333334,.13333334,0,1,1,0,0,1,0,0,0,1,.44444445
310,rural,Mondul Kiri and Ratanak Kiri,Mondul Kiri and Ratanak Kiri,0,.26666668,.26666668,.33333334,0,.2,.2,.06666667,.40000001,.13333334,0,1,1,1,0,0,0,0,0,1,.55555558
311,rural,Mondul Kiri and Ratanak Kiri,Mondul Kiri and Ratanak Kiri,0,0,.33333334,.13333334,1,.73333335,.73333335,.13333334,.80000001,.13333334,0,0,1,1,1,1,0,1,0,1,.55555558
312,rural,Mondul Kiri and Ratanak Kiri,Mondul Kiri and Ratanak Kiri,0,.13333334,.13333334,.46666667,.13333334,.53333336,.33333334,.2,.60000002,.06666667,0,1,1,0,1,0,0,1,0,1,.5
313,rural,Mondul Kiri and Ratanak Kiri,Mondul Kiri and Ratanak Kiri,0,.26666668,.26666668,.33333334,.13333334,.40000001,.53333336,.2,.66666669,.26666668,0,1,1,1,1,1,0,1,0,1,.72222221
314,rural,Mondul Kiri and Ratanak Kiri,Mondul Kiri and Ratanak Kiri,.06666667,.2,.33333334,.33333334,0,.46666667,.2,0,.73333335,.06666667,1,1,1,1,1,0,0,0,0,1,.77777779
315,urban,Mondul Kiri and Ratanak Kiri,Mondul Kiri and Ratanak Kiri,0,.2,.26666668,.06666667,0,.2,.13333334,0,.06666667,.06666667,0,1,0,1,0,0,0,0,0,0,.33333334
316,urban,Mondul Kiri and Ratanak Kiri,Mondul Kiri and Ratanak Kiri,0,.13333334,.06666667,0,0,0,.06666667,0,0,.06666667,0,1,0,0,0,0,0,0,0,0,.16666667
317,urban,Mondul Kiri and Ratanak Kiri,Mondul Kiri and Ratanak Kiri,0,.2,.26666668,.13333334,.13333334,.46666667,.33333334,0,.60000002,.06666667,0,1,1,1,1,0,0,1,0,1,.66666669
318,urban,Phnom Penh,Phnom Penh,0,.06666667,0,.06666667,0,0,.13333334,0,0,.06666667,0,0,0,0,0,0,0,0,0,0,0
319,urban,Phnom Penh,Phnom Penh,0,.18181819,.07692308,.07692308,0,0,.23076923,0,0,.07692308,0,1,0,0,0,0,0,0,0,0,.16666667
320,urban,Phnom Penh,Phnom Penh,0,.071428575,0,.40000001,0,0,0,0,0,0,0,0,1,0,0,0,0,0,0,0,.16666667
321,urban,Phnom Penh,Phnom Penh,0,.06666667,.06666667,.13333334,0,0,0,0,0,.06666667,0,0,1,0,0,0,0,0,0,0,.16666667
322,urban,Phnom Penh,Phnom Penh,0,0,0,.13333334,0,0,0,0,0,0,0,0,1,0,0,0,0,0,0,0,.16666667
323,urban,Phnom Penh,Phnom Penh,0,0,0,.06666667,0,0,.06666667,0,.06666667,0,0,0,0,0,0,0,0,0,0,0,0
324,urban,Phnom Penh,Phnom Penh,0,.2,.13333334,.13333334,0,0,.06666667,0,0,.2,0,1,1,0,0,0,0,0,0,0,.33333334
325,urban,Phnom Penh,Phnom Penh,0,.071428575,0,.14285715,0,0,0,0,0,.071428575,0,0,1,0,0,0,0,0,0,0,.16666667
326,urban,Phnom Penh,Phnom Penh,0,.26666668,.06666667,.06666667,0,0,0,0,0,.06666667,0,1,0,0,0,0,0,0,0,0,.16666667
327,urban,Phnom Penh,Phnom Penh,0,.06666667,.06666667,0,0,0,0,.06666667,0,.2,0,0,0,0,0,0,0,0,0,0,0
328,urban,Phnom Penh,Phnom Penh,0,.06666667,.13333334,0,0,0,0,.06666667,0,0,0,0,0,0,0,0,0,0,0,0,0
329,urban,Phnom Penh,Phnom Penh,0,.13333334,.13333334,.2,0,0,.26666668,.06666667,.06666667,.2,0,1,1,0,0,0,0,0,0,0,.33333334
330,urban,Phnom Penh,Phnom Penh,0,.2,.2,.06666667,0,0,0,0,0,0,0,1,0,1,0,0,0,0,0,0,.33333334
331,urban,Phnom Penh,Phnom Penh,0,.071428575,0,.06666667,0,0,0,0,0,.06666667,0,0,0,0,0,0,0,0,0,0,0
332,urban,Phnom Penh,Phnom Penh,0,0,.06666667,0,0,0,.06666667,0,.06666667,0,0,0,0,0,0,0,0,0,0,0,0
333,urban,Phnom Penh,Phnom Penh,0,.06666667,.13333334,.13333334,0,0,.40000001,0,.06666667,0,0,0,1,0,0,0,0,0,0,0,.16666667
334,urban,Phnom Penh,Phnom Penh,0,.06666667,0,.06666667,0,0,.33333334,0,.06666667,.13333334,0,0,0,0,0,0,0,0,0,0,0
335,urban,Phnom Penh,Phnom Penh,0,.26666668,.26666668,.06666667,0,0,0,0,0,.13333334,0,1,0,1,0,0,0,0,0,0,.33333334
336,urban,Phnom Penh,Phnom Penh,.06666667,.13333334,0,0,0,0,0,0,0,.06666667,1,1,0,0,0,0,0,0,0,0,.33333334
337,urban,Phnom Penh,Phnom Penh,0,.13333334,0,.06666667,0,0,0,0,.06666667,0,0,1,0,0,0,0,0,0,0,0,.16666667
338,urban,Phnom Penh,Phnom Penh,0,0,.06666667,.06666667,0,0,0,0,0,.06666667,0,0,0,0,0,0,0,0,0,0,0
339,urban,Phnom Penh,Phnom Penh,0,.13333334,.13333334,.13333334,0,0,0,0,0,.06666667,0,1,1,0,0,0,0,0,0,0,.33333334
340,urban,Phnom Penh,Phnom Penh,.06666667,.06666667,0,.06666667,0,0,0,0,0,.06666667,1,0,0,0,0,0,0,0,0,0,.16666667
341,urban,Phnom Penh,Phnom Penh,0,.06666667,0,.06666667,0,0,.06666667,0,0,.06666667,0,0,0,0,0,0,0,0,0,0,0
342,urban,Phnom Penh,Phnom Penh,0,.27272728,0,0,0,0,0,0,0,0,0,1,0,0,0,0,0,0,0,0,.16666667
343,urban,Phnom Penh,Phnom Penh,0,0,.2,.06666667,0,0,.13333334,0,0,0,0,0,0,1,0,0,0,0,0,0,.16666667
344,urban,Phnom Penh,Phnom Penh,0,.06666667,.06666667,.06666667,0,.06666667,.13333334,.13333334,0,.06666667,0,0,0,0,0,0,0,0,0,0,0
345,urban,Phnom Penh,Phnom Penh,0,.33333334,0,.13333334,0,0,0,0,0,.06666667,0,1,1,0,0,0,0,0,0,0,.33333334
346,urban,Phnom Penh,Phnom Penh,0,.46666667,.26666668,.40000001,0,0,.33333334,0,0,.26666668,0,1,1,1,0,0,0,0,0,0,.5
347,urban,Phnom Penh,Phnom Penh,0,.071428575,.06666667,.06666667,0,0,0,0,0,0,0,0,0,0,0,0,0,0,0,0,0
348,urban,Phnom Penh,Phnom Penh,0,.06666667,.06666667,.13333334,0,.13333334,.13333334,.06666667,.13333334,0,0,0,1,0,0,0,0,0,0,0,.16666667
349,urban,Phnom Penh,Phnom Penh,0,.21428572,0,.071428575,0,0,0,0,0,0,0,1,0,0,0,0,0,0,0,0,.16666667
350,urban,Phnom Penh,Phnom Penh,0,.14285715,.06666667,.06666667,0,0,.13333334,0,.06666667,0,0,1,0,0,0,0,0,0,0,0,.16666667
351,rural,Preah Vihear and Stung Treng,Preah Vihear and Stung Treng,0,.2,.13333334,.21428572,.13333334,.93333334,.53333336,.13333334,.93333334,.33333334,0,1,1,0,1,1,0,1,0,1,.55555558
352,rural,Preah Vihear and Stung Treng,Preah Vihear and Stung Treng,0,.13333334,.13333334,.26666668,.53333336,.2,.46666667,.13333334,1,0,0,1,1,0,0,0,0,1,0,1,.44444445
353,rural,Preah Vihear and Stung Treng,Preah Vihear and Stung Treng,0,.21428572,.14285715,.21428572,.71428573,.071428575,.5,.071428575,.71428573,0,0,1,1,0,0,1,0,1,0,1,.5
354,rural,Preah Vihear and Stung Treng,Preah Vihear and Stung Treng,.13333334,.26666668,.26666668,.40000001,.13333334,.06666667,.26666668,0,1,.06666667,1,1,1,1,0,0,0,1,0,1,.77777779
355,rural,Preah Vihear and Stung Treng,Preah Vihear and Stung Treng,0,.53333336,.13333334,.40000001,1,.13333334,.2,0,1,.33333334,0,1,1,0,0,0,0,1,0,1,.44444445
356,rural,Preah Vihear and Stung Treng,Preah Vihear and Stung Treng,0,.2,.13333334,.14285715,.06666667,.13333334,.33333334,.06666667,1,.26666668,0,1,1,0,0,0,0,0,0,1,.3888889
357,rural,Preah Vihear and Stung Treng,Preah Vihear and Stung Treng,0,.26666668,.40000001,.40000001,.2,.13333334,.46666667,0,1,.06666667,0,1,1,1,0,0,0,1,0,1,.6111111
358,rural,Preah Vihear and Stung Treng,Preah Vihear and Stung Treng,0,.2,.13333334,.73333335,.2,.40000001,.80000001,.13333334,1,.60000002,0,1,1,0,1,1,0,1,0,1,.55555558
359,rural,Preah Vihear and Stung Treng,Preah Vihear and Stung Treng,0,.26666668,.33333334,.53333336,1,.60000002,.80000001,.06666667,1,.13333334,0,1,1,1,1,1,0,1,0,1,.72222221
360,rural,Preah Vihear and Stung Treng,Preah Vihear and Stung Treng,.06666667,.26666668,.13333334,.06666667,0,0,.06666667,0,.33333334,0,1,1,0,0,0,0,0,0,0,1,.3888889
361,rural,Preah Vihear and Stung Treng,Preah Vihear and Stung Treng,0,.06666667,.33333334,.26666668,.53333336,.06666667,.53333336,0,.86666667,.06666667,0,0,1,1,0,1,0,1,0,1,.5
362,rural,Preah Vihear and Stung Treng,Preah Vihear and Stung Treng,.06666667,.2,.13333334,.06666667,.06666667,.2,.40000001,0,.86666667,.13333334,1,1,0,0,0,0,0,0,0,1,.3888889
363,rural,Preah Vihear and Stung Treng,Preah Vihear and Stung Treng,0,.2,.33333334,.26666668,.46666667,.53333336,.60000002,0,1,.13333334,0,1,1,1,1,1,0,1,0,1,.72222221
364,rural,Preah Vihear and Stung Treng,Preah Vihear and Stung Treng,0,.21428572,.06666667,.06666667,.26666668,.06666667,.33333334,.2,.86666667,.06666667,0,1,0,0,0,0,0,1,0,1,.27777779
365,rural,Preah Vihear and Stung Treng,Preah Vihear and Stung Treng,0,.2,.26666668,.26666668,0,.06666667,.06666667,0,.80000001,0,0,1,1,1,0,0,0,0,0,1,.55555558
366,rural,Preah Vihear and Stung Treng,Preah Vihear and Stung Treng,0,.33333334,.26666668,0,0,.06666667,.2,0,.73333335,.06666667,0,1,0,1,0,0,0,0,0,1,.3888889
367,rural,Preah Vihear and Stung Treng,Preah Vihear and Stung Treng,0,0,.33333334,.071428575,.33333334,.33333334,.53333336,0,.93333334,.13333334,0,0,0,1,1,1,0,1,0,1,.3888889
368,rural,Preah Vihear and Stung Treng,Preah Vihear and Stung Treng,0,.13333334,.33333334,.46666667,.33333334,.60000002,.46666667,0,.86666667,.13333334,0,1,1,1,1,0,0,1,0,1,.66666669
369,rural,Preah Vihear and Stung Treng,Preah Vihear and Stung Treng,0,.2,.2,.40000001,.40000001,0,.33333334,0,.93333334,.13333334,0,1,1,1,0,0,0,1,0,1,.6111111
370,rural,Preah Vihear and Stung Treng,Preah Vihear and Stung Treng,0,.13333334,.2,.2,.2,.2,.46666667,.06666667,.80000001,.06666667,0,1,1,1,0,0,0,1,0,1,.6111111
371,rural,Preah Vihear and Stung Treng,Preah Vihear and Stung Treng,0,.2,.06666667,.2,.73333335,.26666668,.53333336,0,1,.53333336,0,1,1,0,0,1,0,1,0,1,.5
372,rural,Preah Vihear and Stung Treng,Preah Vihear and Stung Treng,0,.2857143,.21428572,.35714287,.71428573,.35714287,.9285714,0,.9285714,.42857143,0,1,1,1,1,1,0,1,0,1,.72222221
373,rural,Preah Vihear and Stung Treng,Preah Vihear and Stung Treng,.06666667,.26666668,.2,.40000001,.40000001,.53333336,.26666668,0,.93333334,.13333334,1,1,1,1,1,0,0,1,0,1,.83333331
374,urban,Preah Vihear and Stung Treng,Preah Vihear and Stung Treng,0,.06666667,.2,.13333334,0,0,.06666667,0,.33333334,0,0,0,1,1,0,0,0,0,0,1,.3888889
375,urban,Preah Vihear and Stung Treng,Preah Vihear and Stung Treng,0,.2,.2,.23076923,.06666667,0,.2,0,.60000002,.06666667,0,1,1,1,0,0,0,0,0,1,.55555558
376,urban,Preah Vihear and Stung Treng,Preah Vihear and Stung Treng,0,.06666667,.2,.13333334,0,0,.13333334,0,.46666667,.06666667,0,0,1,1,0,0,0,0,0,1,.3888889
377,urban,Preah Vihear and Stung Treng,Preah Vihear and Stung Treng,0,.2,.13333334,.06666667,0,0,.26666668,.06666667,.73333335,.13333334,0,1,0,0,0,0,0,0,0,1,.22222222
378,rural,Prey Veng,Prey Veng,0,.21428572,.26666668,0,0,0,.2,.06666667,.33333334,0,0,1,0,1,0,0,0,0,0,1,.3888889
379,rural,Prey Veng,Prey Veng,0,0,.26666668,.06666667,0,0,0,.06666667,.80000001,0,0,0,0,1,0,0,0,0,0,1,.22222222
380,rural,Prey Veng,Prey Veng,0,.06666667,.13333334,.21428572,0,0,.26666668,0,.66666669,0,0,0,1,0,0,0,0,0,0,1,.22222222
381,rural,Prey Veng,Prey Veng,0,.21428572,.06666667,.13333334,0,.06666667,.13333334,0,.33333334,0,0,1,1,0,0,0,0,0,0,1,.3888889
382,rural,Prey Veng,Prey Veng,0,.2,.26666668,.33333334,0,0,.13333334,0,.46666667,0,0,1,1,1,0,0,0,0,0,1,.55555558
383,rural,Prey Veng,Prey Veng,0,.090909094,.13333334,.26666668,.06666667,0,.06666667,0,.73333335,.06666667,0,0,1,0,0,0,0,0,0,1,.22222222
384,rural,Prey Veng,Prey Veng,0,.16666667,.21428572,.14285715,0,.64285713,.14285715,0,.64285713,0,0,1,1,1,1,0,0,0,0,1,.6111111
385,rural,Prey Veng,Prey Veng,0,.30000001,.14285715,.2857143,.071428575,0,.21428572,0,.71428573,.14285715,0,1,1,0,0,0,0,0,0,1,.3888889
386,rural,Prey Veng,Prey Veng,0,.14285715,.2,.13333334,.06666667,0,.2,.13333334,.53333336,.13333334,0,1,1,1,0,0,0,0,0,1,.55555558
387,rural,Prey Veng,Prey Veng,0,.2857143,.2,.26666668,0,0,0,.06666667,.60000002,0,0,1,1,1,0,0,0,0,0,1,.55555558
388,rural,Prey Veng,Prey Veng,0,.21428572,.2,.13333334,0,0,.06666667,0,.40000001,0,0,1,1,1,0,0,0,0,0,1,.55555558
389,rural,Prey Veng,Prey Veng,0,.06666667,0,.26666668,0,0,.26666668,0,.80000001,.06666667,0,0,1,0,0,0,0,0,0,1,.22222222
390,rural,Prey Veng,Prey Veng,0,.071428575,.2,.46666667,0,0,.2,.06666667,.66666669,.2,0,0,1,1,0,0,0,0,0,1,.3888889
391,rural,Prey Veng,Prey Veng,0,.15384616,.33333334,.06666667,.53333336,.06666667,.06666667,.06666667,.53333336,.06666667,0,1,0,1,0,0,0,1,0,1,.44444445
392,rural,Prey Veng,Prey Veng,0,.2857143,.26666668,.2,0,.66666669,.06666667,.06666667,.53333336,0,0,1,1,1,1,0,0,0,0,1,.6111111
393,urban,Prey Veng,Prey Veng,0,0,.13333334,.35714287,.13333334,0,.13333334,0,.46666667,.2,0,0,1,0,0,0,0,1,0,1,.27777779
394,rural,Prey Veng,Prey Veng,.06666667,.14285715,.13333334,.06666667,0,0,.06666667,.06666667,.73333335,.06666667,1,1,0,0,0,0,0,0,0,1,.3888889
395,rural,Prey Veng,Prey Veng,0,.2,.2,.13333334,0,.13333334,.13333334,0,.46666667,0,0,1,1,1,0,0,0,0,0,1,.55555558
396,rural,Prey Veng,Prey Veng,0,.06666667,.13333334,.2,0,0,.26666668,.13333334,.80000001,0,0,0,1,0,0,0,0,0,0,1,.22222222
397,rural,Prey Veng,Prey Veng,.06666667,.06666667,.26666668,.26666668,0,0,.26666668,.06666667,.46666667,.06666667,1,0,1,1,0,0,0,0,0,1,.55555558
398,rural,Prey Veng,Prey Veng,.06666667,.2,.33333334,.2857143,0,0,.2,.13333334,.46666667,.13333334,1,1,1,1,0,0,0,0,0,1,.72222221
399,rural,Prey Veng,Prey Veng,0,.15384616,.40000001,.26666668,.46666667,.06666667,.26666668,0,.53333336,0,0,1,1,1,0,0,0,1,0,1,.6111111
400,urban,Prey Veng,Prey Veng,.13333334,.33333334,.2,.06666667,0,0,.13333334,0,.33333334,0,1,1,0,1,0,0,0,0,0,1,.55555558
401,urban,Prey Veng,Prey Veng,0,.14285715,.06666667,.06666667,0,.06666667,0,0,.26666668,.06666667,0,1,0,0,0,0,0,0,0,1,.22222222
402,urban,Prey Veng,Prey Veng,.06666667,.13333334,.06666667,.33333334,0,0,.33333334,.06666667,.40000001,0,1,1,1,0,0,0,0,0,0,1,.55555558
403,rural,Prey Veng,Prey Veng,0,.33333334,.2,.13333334,0,.06666667,.13333334,0,.2,0,0,1,1,1,0,0,0,0,0,0,.5
404,rural,Prey Veng,Prey Veng,.13333334,.13333334,.33333334,.40000001,0,0,.40000001,0,.66666669,.06666667,1,1,1,1,0,0,0,0,0,1,.72222221
405,rural,Prey Veng,Prey Veng,0,.06666667,.06666667,.06666667,0,0,.13333334,0,.66666669,.06666667,0,0,0,0,0,0,0,0,0,1,.055555556
406,rural,Prey Veng,Prey Veng,.071428575,.14285715,.2,0,0,0,.26666668,0,.86666667,.06666667,1,1,0,1,0,0,0,0,0,1,.55555558
407,rural,Prey Veng,Prey Veng,0,.14285715,.2,.35714287,.06666667,0,.33333334,.13333334,.53333336,0,0,1,1,1,0,0,0,0,0,1,.55555558
408,rural,Prey Veng,Prey Veng,0,.06666667,.13333334,.06666667,0,.06666667,.06666667,0,.33333334,0,0,0,0,0,0,0,0,0,0,1,.055555556
409,rural,Pursat,Pursat,0,.13333334,.40000001,.46666667,0,.26666668,.06666667,.13333334,.80000001,.13333334,0,1,1,1,0,0,0,0,0,1,.55555558
410,rural,Pursat,Pursat,0,.13333334,.33333334,.46666667,0,.53333336,.40000001,.13333334,.66666669,0,0,1,1,1,1,0,0,0,0,1,.6111111
411,rural,Pursat,Pursat,0,.06666667,.33333334,.33333334,0,.46666667,.06666667,0,.86666667,.06666667,0,0,1,1,1,0,0,0,0,1,.44444445
412,rural,Pursat,Pursat,0,.071428575,.26666668,.53333336,0,.40000001,.13333334,.06666667,.93333334,.06666667,0,0,1,1,1,0,0,0,0,1,.44444445
413,rural,Pursat,Pursat,0,.13333334,.33333334,.33333334,0,.93333334,.13333334,.06666667,1,.06666667,0,1,1,1,1,0,0,0,0,1,.6111111
414,rural,Pursat,Pursat,0,.33333334,.2,.13333334,0,.06666667,0,0,.2,0,0,1,1,1,0,0,0,0,0,0,.5
415,rural,Pursat,Pursat,0,.06666667,.2,.2,0,.26666668,.13333334,.2,.73333335,.06666667,0,0,1,1,0,0,0,0,0,1,.3888889
416,rural,Pursat,Pursat,0,.2,.2,.40000001,0,.60000002,.13333334,.13333334,1,.06666667,0,1,1,1,1,0,0,0,0,1,.6111111
417,rural,Pursat,Pursat,.14285715,.40000001,.06666667,.60000002,0,.60000002,.2,.26666668,.80000001,.06666667,1,1,1,0,1,0,0,0,0,1,.6111111
418,rural,Pursat,Pursat,0,.2,.33333334,.2,0,.60000002,.06666667,.33333334,.93333334,0,0,1,1,1,1,0,0,0,0,1,.6111111
419,urban,Pursat,Pursat,0,0,.13333334,.33333334,0,.73333335,.26666668,0,.66666669,.06666667,0,0,1,0,1,0,0,0,0,1,.27777779
420,rural,Pursat,Pursat,0,0,.13333334,.35714287,0,.33333334,.13333334,.13333334,1,0,0,0,1,0,1,0,0,0,0,1,.27777779
421,rural,Pursat,Pursat,0,.13333334,.2,.53333336,0,.13333334,.2,0,1,.13333334,0,1,1,1,0,0,0,0,0,1,.55555558
422,rural,Pursat,Pursat,0,.071428575,.2,.46666667,0,.40000001,.40000001,.33333334,.86666667,.13333334,0,0,1,1,1,0,0,0,0,1,.44444445
423,rural,Pursat,Pursat,0,0,.13333334,.33333334,0,.93333334,.06666667,.06666667,1,.13333334,0,0,1,0,1,0,0,0,0,1,.27777779
424,rural,Pursat,Pursat,0,.21428572,.06666667,.40000001,.13333334,.60000002,.33333334,.2,.73333335,.06666667,0,1,1,0,1,0,0,1,0,1,.5
425,rural,Pursat,Pursat,0,.13333334,.33333334,.35714287,0,.13333334,.13333334,.13333334,.93333334,.06666667,0,1,1,1,0,0,0,0,0,1,.55555558
426,rural,Pursat,Pursat,0,.13333334,.2,.26666668,0,.53333336,.2,.13333334,.66666669,.13333334,0,1,1,1,1,0,0,0,0,1,.6111111
427,rural,Pursat,Pursat,0,.2,.26666668,.53333336,.73333335,.46666667,.66666669,.13333334,.86666667,.40000001,0,1,1,1,1,1,0,1,0,1,.72222221
428,urban,Pursat,Pursat,0,.2,.2,.33333334,0,.33333334,.13333334,.13333334,.66666669,.2,0,1,1,1,1,0,0,0,0,1,.6111111
429,urban,Pursat,Pursat,0,.071428575,.26666668,.13333334,0,.13333334,0,.06666667,.53333336,0,0,0,1,1,0,0,0,0,0,1,.3888889
430,urban,Pursat,Pursat,0,.27272728,.23076923,.15384616,0,.07692308,.23076923,.30769232,.46153846,.07692308,0,1,1,1,0,0,0,0,0,1,.55555558
431,urban,Pursat,Pursat,.14285715,.2857143,.26666668,.26666668,0,0,.33333334,.06666667,.60000002,0,1,1,1,1,0,0,0,0,0,1,.72222221
432,rural,Pursat,Pursat,0,.06666667,.13333334,.40000001,0,1,.53333336,.2,.73333335,0,0,0,1,0,1,1,0,0,0,1,.33333334
433,rural,Pursat,Pursat,0,0,.2,.46666667,0,.73333335,.26666668,.13333334,.80000001,.13333334,0,0,1,1,1,0,0,0,0,1,.44444445
434,rural,Pursat,Pursat,0,.2,.33333334,.46666667,.26666668,.26666668,.26666668,.06666667,.93333334,.2,0,1,1,1,0,0,0,1,0,1,.6111111
435,rural,Pursat,Pursat,0,.33333334,.26666668,.26666668,.06666667,.26666668,0,.26666668,.73333335,.13333334,0,1,1,1,0,0,0,0,0,1,.55555558
436,rural,Mondul Kiri and Ratanak Kiri,Mondul Kiri and Ratanak Kiri,.06666667,.06666667,.40000001,.86666667,1,1,.93333334,0,.93333334,.66666669,1,0,1,1,1,1,0,1,1,1,.77777779
437,rural,Mondul Kiri and Ratanak Kiri,Mondul Kiri and Ratanak Kiri,0,.33333334,.13333334,.60000002,.73333335,.2,.53333336,0,1,.40000001,0,1,1,0,0,1,0,1,0,1,.5
438,urban,Mondul Kiri and Ratanak Kiri,Mondul Kiri and Ratanak Kiri,0,.2857143,.06666667,.46666667,.06666667,.40000001,.40000001,.2,.40000001,.26666668,0,1,1,0,1,0,0,0,0,1,.44444445
439,urban,Mondul Kiri and Ratanak Kiri,Mondul Kiri and Ratanak Kiri,0,.2,0,0,0,.13333334,0,0,0,.06666667,0,1,0,0,0,0,0,0,0,0,.16666667
440,urban,Mondul Kiri and Ratanak Kiri,Mondul Kiri and Ratanak Kiri,0,.2,0,0,0,.33333334,0,0,0,.06666667,0,1,0,0,1,0,0,0,0,0,.22222222
441,urban,Mondul Kiri and Ratanak Kiri,Mondul Kiri and Ratanak Kiri,0,.2,0,.06666667,0,.13333334,0,.06666667,0,0,0,1,0,0,0,0,0,0,0,0,.16666667
442,rural,Mondul Kiri and Ratanak Kiri,Mondul Kiri and Ratanak Kiri,.14285715,.14285715,.06666667,.46666667,.13333334,.66666669,.60000002,0,.80000001,.53333336,1,1,1,0,1,1,0,1,0,1,.72222221
443,rural,Mondul Kiri and Ratanak Kiri,Mondul Kiri and Ratanak Kiri,0,.13333334,0,.2,0,0,.06666667,0,.26666668,.13333334,0,1,1,0,0,0,0,0,0,1,.3888889
444,rural,Mondul Kiri and Ratanak Kiri,Mondul Kiri and Ratanak Kiri,0,.06666667,.13333334,.2,0,.66666669,.26666668,.2,.46666667,.06666667,0,0,1,0,1,0,0,0,0,1,.27777779
445,rural,Mondul Kiri and Ratanak Kiri,Mondul Kiri and Ratanak Kiri,0,.26666668,.13333334,.53333336,.93333334,.53333336,.46666667,0,1,.40000001,0,1,1,0,1,0,0,1,0,1,.5
446,rural,Mondul Kiri and Ratanak Kiri,Mondul Kiri and Ratanak Kiri,0,.07692308,.26666668,.2,.46666667,.93333334,.60000002,0,.66666669,.26666668,0,0,1,1,1,1,0,1,0,1,.55555558
447,rural,Mondul Kiri and Ratanak Kiri,Mondul Kiri and Ratanak Kiri,.071428575,.35714287,0,.35714287,.35714287,.42857143,.5714286,.071428575,.85714287,.35714287,1,1,1,0,1,1,0,1,0,1,.72222221
448,rural,Mondul Kiri and Ratanak Kiri,Mondul Kiri and Ratanak Kiri,0,.071428575,0,.14285715,.071428575,.71428573,.35714287,.14285715,.5714286,.071428575,0,0,1,0,1,0,0,0,0,1,.27777779
449,rural,Mondul Kiri and Ratanak Kiri,Mondul Kiri and Ratanak Kiri,0,.2,.13333334,.60000002,1,.93333334,.80000001,0,1,.53333336,0,1,1,0,1,1,0,1,0,1,.55555558
450,rural,Mondul Kiri and Ratanak Kiri,Mondul Kiri and Ratanak Kiri,0,.2,.40000001,.60000002,.73333335,.86666667,.73333335,.06666667,1,.46666667,0,1,1,1,1,1,0,1,0,1,.72222221
451,rural,Mondul Kiri and Ratanak Kiri,Mondul Kiri and Ratanak Kiri,0,.2857143,.14285715,.21428572,.78571427,.85714287,.78571427,0,.9285714,.2857143,0,1,1,0,1,1,0,1,0,1,.55555558
452,rural,Mondul Kiri and Ratanak Kiri,Mondul Kiri and Ratanak Kiri,0,.06666667,.33333334,.53333336,1,1,1,0,1,.33333334,0,0,1,1,1,1,0,1,0,1,.55555558
453,rural,Mondul Kiri and Ratanak Kiri,Mondul Kiri and Ratanak Kiri,0,.2,.26666668,.33333334,.13333334,.93333334,.66666669,.13333334,.86666667,.26666668,0,1,1,1,1,1,0,1,0,1,.72222221
454,rural,Mondul Kiri and Ratanak Kiri,Mondul Kiri and Ratanak Kiri,0,.071428575,.26666668,.46666667,.26666668,.80000001,.40000001,.33333334,.86666667,.2,0,0,1,1,1,0,0,1,0,1,.5
455,rural,Mondul Kiri and Ratanak Kiri,Mondul Kiri and Ratanak Kiri,0,.21428572,.2,.33333334,.13333334,.86666667,.33333334,.13333334,1,.06666667,0,1,1,1,1,0,0,1,0,1,.66666669
456,rural,Mondul Kiri and Ratanak Kiri,Mondul Kiri and Ratanak Kiri,0,.2,.13333334,.33333334,0,.93333334,.53333336,0,.86666667,.46666667,0,1,1,0,1,1,0,0,0,1,.5
457,rural,Mondul Kiri and Ratanak Kiri,Mondul Kiri and Ratanak Kiri,0,.26666668,.2,.66666669,1,1,.86666667,0,1,.53333336,0,1,1,1,1,1,0,1,0,1,.72222221
458,rural,Mondul Kiri and Ratanak Kiri,Mondul Kiri and Ratanak Kiri,.13333334,.13333334,.33333334,.86666667,1,1,.93333334,.06666667,.86666667,.53333336,1,1,1,1,1,1,0,1,0,1,.8888889
459,rural,Mondul Kiri and Ratanak Kiri,Mondul Kiri and Ratanak Kiri,0,.2,0,.60000002,.80000001,.93333334,.60000002,.06666667,1,.40000001,0,1,1,0,1,1,0,1,0,1,.55555558
460,rural,Mondul Kiri and Ratanak Kiri,Mondul Kiri and Ratanak Kiri,0,.06666667,.13333334,.80000001,1,.93333334,.26666668,0,1,.40000001,0,0,1,0,1,0,0,1,0,1,.33333334
461,rural,Mondul Kiri and Ratanak Kiri,Mondul Kiri and Ratanak Kiri,0,.2,.2,.73333335,1,1,.93333334,.06666667,1,.53333336,0,1,1,1,1,1,0,1,0,1,.72222221
462,rural,Mondul Kiri and Ratanak Kiri,Mondul Kiri and Ratanak Kiri,0,.2,.2,.46666667,.73333335,.86666667,.86666667,0,1,.46666667,0,1,1,1,1,1,0,1,0,1,.72222221
463,rural,Siem Reap,Siem Reap,0,.15384616,.21428572,.71428573,.14285715,0,.42857143,.14285715,.85714287,.21428572,0,1,1,1,0,0,0,1,0,1,.6111111
464,rural,Siem Reap,Siem Reap,0,.06666667,.26666668,.2,0,.53333336,.06666667,.06666667,.60000002,.06666667,0,0,1,1,1,0,0,0,0,1,.44444445
465,rural,Siem Reap,Siem Reap,0,.2,.2,.26666668,0,.06666667,.2,.2,.86666667,.06666667,0,1,1,1,0,0,0,0,0,1,.55555558
466,rural,Siem Reap,Siem Reap,0,.2,.2,.46666667,.06666667,0,.40000001,.26666668,1,.26666668,0,1,1,1,0,0,0,0,0,1,.55555558
467,rural,Siem Reap,Siem Reap,0,.13333334,.13333334,.40000001,0,.13333334,.40000001,.40000001,1,.13333334,0,1,1,0,0,0,0,0,0,1,.3888889
468,rural,Siem Reap,Siem Reap,0,.2,.26666668,.33333334,.13333334,.80000001,.2,.2,1,.13333334,0,1,1,1,1,0,0,1,0,1,.66666669
469,rural,Siem Reap,Siem Reap,0,.26666668,.13333334,.26666668,.26666668,.40000001,.2,.33333334,1,.13333334,0,1,1,0,1,0,0,1,0,1,.5
470,rural,Siem Reap,Siem Reap,0,.14285715,.2,.33333334,.2,.73333335,.26666668,.33333334,.93333334,.06666667,0,1,1,1,1,0,0,1,0,1,.66666669
471,urban,Siem Reap,Siem Reap,0,0,.2,.06666667,0,0,.13333334,0,.40000001,.06666667,0,0,0,1,0,0,0,0,0,1,.22222222
472,rural,Siem Reap,Siem Reap,0,.13333334,.33333334,.60000002,0,.73333335,.06666667,.26666668,.86666667,.13333334,0,1,1,1,1,0,0,0,0,1,.6111111
473,rural,Siem Reap,Siem Reap,.06666667,.33333334,.2,.40000001,.06666667,.86666667,.40000001,.46666667,1,.2,1,1,1,1,1,0,1,0,0,1,.83333331
474,rural,Siem Reap,Siem Reap,0,.06666667,.33333334,0,0,.06666667,.13333334,0,.73333335,.06666667,0,0,0,1,0,0,0,0,0,1,.22222222
475,rural,Siem Reap,Siem Reap,0,.33333334,.33333334,.2,0,.06666667,.06666667,.33333334,1,.13333334,0,1,1,1,0,0,0,0,0,1,.55555558
476,urban,Siem Reap,Siem Reap,0,.38461539,.15384616,.15384616,0,.07692308,.23076923,.23076923,.61538464,.15384616,0,1,1,0,0,0,0,0,0,1,.3888889
477,rural,Siem Reap,Siem Reap,0,.23076923,.13333334,.33333334,.06666667,0,.2,.33333334,.80000001,.26666668,0,1,1,0,0,0,0,0,0,1,.3888889
478,rural,Siem Reap,Siem Reap,0,.06666667,.26666668,.13333334,0,0,.33333334,.06666667,.40000001,0,0,0,1,1,0,0,0,0,0,1,.3888889
479,urban,Siem Reap,Siem Reap,0,.13333334,.2,.13333334,0,0,.06666667,.06666667,.06666667,.13333334,0,1,1,1,0,0,0,0,0,0,.5
480,urban,Siem Reap,Siem Reap,0,.13333334,.2,.13333334,0,.06666667,.13333334,0,.13333334,.13333334,0,1,1,1,0,0,0,0,0,0,.5
481,urban,Siem Reap,Siem Reap,0,.13333334,.13333334,.13333334,0,0,0,0,.13333334,0,0,1,1,0,0,0,0,0,0,0,.33333334
482,urban,Siem Reap,Siem Reap,0,.13333334,.40000001,.26666668,0,0,.06666667,.2,.40000001,0,0,1,1,1,0,0,0,0,0,1,.55555558
483,urban,Siem Reap,Siem Reap,0,0,.13333334,.06666667,0,.06666667,0,0,.2,0,0,0,0,0,0,0,0,0,0,0,0
484,urban,Siem Reap,Siem Reap,0,.2,.33333334,.93333334,1,1,1,0,.53333336,1,0,1,1,1,1,1,0,1,1,1,.77777779
485,urban,Siem Reap,Siem Reap,0,.06666667,.26666668,0,0,0,.2,0,.13333334,0,0,0,0,1,0,0,0,0,0,0,.16666667
486,rural,Siem Reap,Siem Reap,0,.26666668,.2,.26666668,0,.73333335,.33333334,.40000001,1,0,0,1,1,1,1,0,0,0,0,1,.6111111
487,rural,Siem Reap,Siem Reap,0,.13333334,.26666668,.13333334,.06666667,.66666669,.33333334,.33333334,.86666667,.06666667,0,1,1,1,1,0,0,0,0,1,.6111111
488,rural,Siem Reap,Siem Reap,0,.21428572,.26666668,.26666668,0,.40000001,.33333334,.26666668,.86666667,0,0,1,1,1,1,0,0,0,0,1,.6111111
489,rural,Siem Reap,Siem Reap,0,.06666667,.2,.2,.06666667,.80000001,.06666667,.13333334,.86666667,0,0,0,1,1,1,0,0,0,0,1,.44444445
490,rural,Siem Reap,Siem Reap,0,.2,.26666668,.46666667,.66666669,.86666667,.66666669,.33333334,.86666667,.06666667,0,1,1,1,1,1,0,1,0,1,.72222221
491,rural,Siem Reap,Siem Reap,0,.33333334,.13333334,.40000001,1,.80000001,.93333334,.60000002,.93333334,.2,0,1,1,0,1,1,1,1,0,1,.6111111
492,rural,Siem Reap,Siem Reap,0,.13333334,.26666668,.33333334,.06666667,.2,.33333334,.13333334,.86666667,.13333334,0,1,1,1,0,0,0,0,0,1,.55555558
493,urban,Preah Sihanouk and Koh Kong,Preah Sihanouk and Koh Kong,0,.06666667,.06666667,.2,0,.06666667,.06666667,0,.06666667,0,0,0,1,0,0,0,0,0,0,0,.16666667
494,urban,Preah Sihanouk and Koh Kong,Preah Sihanouk and Koh Kong,0,.071428575,.14285715,.2857143,0,0,.2857143,0,.14285715,.071428575,0,0,1,0,0,0,0,0,0,0,.16666667
495,urban,Preah Sihanouk and Koh Kong,Preah Sihanouk and Koh Kong,.06666667,0,.13333334,.2,0,0,.60000002,.06666667,0,.26666668,1,0,1,0,0,1,0,0,0,0,.3888889
496,urban,Preah Sihanouk and Koh Kong,Preah Sihanouk and Koh Kong,0,.14285715,0,.071428575,0,0,.21428572,.64285713,0,.071428575,0,1,0,0,0,0,1,0,0,0,.22222222
497,urban,Preah Sihanouk and Koh Kong,Preah Sihanouk and Koh Kong,0,.06666667,0,.40000001,0,0,0,.13333334,.13333334,.13333334,0,0,1,0,0,0,0,0,0,0,.16666667
498,urban,Preah Sihanouk and Koh Kong,Preah Sihanouk and Koh Kong,0,.13333334,.06666667,0,0,0,0,0,0,0,0,1,0,0,0,0,0,0,0,0,.16666667
499,urban,Preah Sihanouk and Koh Kong,Preah Sihanouk and Koh Kong,0,.2,0,.26666668,0,0,0,0,0,0,0,1,1,0,0,0,0,0,0,0,.33333334
500,urban,Preah Sihanouk and Koh Kong,Preah Sihanouk and Koh Kong,0,.21428572,.21428572,.2857143,0,.14285715,.14285715,.14285715,.071428575,.35714287,0,1,1,1,0,0,0,0,0,0,.5
501,urban,Preah Sihanouk and Koh Kong,Preah Sihanouk and Koh Kong,0,.2,.13333334,.33333334,0,.33333334,.33333334,0,.2,.2,0,1,1,0,1,0,0,0,0,0,.3888889
502,urban,Preah Sihanouk and Koh Kong,Preah Sihanouk and Koh Kong,0,.2,.13333334,.40000001,.33333334,.13333334,.26666668,.2,.13333334,.13333334,0,1,1,0,0,0,0,1,0,0,.3888889
503,urban,Preah Sihanouk and Koh Kong,Preah Sihanouk and Koh Kong,0,.071428575,.35714287,.14285715,0,.2857143,.2857143,0,.071428575,.21428572,0,0,1,1,0,0,0,0,0,0,.33333334
504,urban,Preah Sihanouk and Koh Kong,Preah Sihanouk and Koh Kong,0,.21428572,.071428575,.21428572,.071428575,.42857143,0,0,.14285715,.071428575,0,1,1,0,1,0,0,0,0,0,.3888889
505,urban,Preah Sihanouk and Koh Kong,Preah Sihanouk and Koh Kong,0,.2,.06666667,.06666667,0,.26666668,0,0,.2,0,0,1,0,0,0,0,0,0,0,0,.16666667
506,urban,Preah Sihanouk and Koh Kong,Preah Sihanouk and Koh Kong,.07692308,.30769232,.07692308,.15384616,0,.23076923,.07692308,0,0,.15384616,1,1,1,0,0,0,0,0,0,0,.5
507,rural,Preah Sihanouk and Koh Kong,Preah Sihanouk and Koh Kong,0,.13333334,.06666667,.2,.06666667,.26666668,.13333334,.06666667,.26666668,0,0,1,1,0,0,0,0,0,0,1,.3888889
508,urban,Preah Sihanouk and Koh Kong,Preah Sihanouk and Koh Kong,0,0,.23076923,.07692308,0,0,.15384616,0,.23076923,0,0,0,0,1,0,0,0,0,0,0,.16666667
509,rural,Preah Sihanouk and Koh Kong,Preah Sihanouk and Koh Kong,0,0,.06666667,.26666668,0,.46666667,.2,.06666667,.06666667,.06666667,0,0,1,0,1,0,0,0,0,0,.22222222
510,rural,Preah Sihanouk and Koh Kong,Preah Sihanouk and Koh Kong,0,.40000001,.06666667,.2,0,.53333336,.26666668,.13333334,.26666668,.2,0,1,1,0,1,0,0,0,0,1,.44444445
511,urban,Preah Sihanouk and Koh Kong,Preah Sihanouk and Koh Kong,0,.15384616,.07692308,.15384616,0,.46153846,.15384616,.15384616,.38461539,.07692308,0,1,1,0,1,0,0,0,0,1,.44444445
512,rural,Preah Sihanouk and Koh Kong,Preah Sihanouk and Koh Kong,.06666667,.06666667,.06666667,.06666667,.13333334,.33333334,.33333334,0,.40000001,.13333334,1,0,0,0,1,0,0,1,0,1,.33333334
513,rural,Preah Sihanouk and Koh Kong,Preah Sihanouk and Koh Kong,0,.071428575,.071428575,.35714287,0,.071428575,.071428575,.14285715,.35714287,.14285715,0,0,1,0,0,0,0,0,0,1,.22222222
514,urban,Preah Sihanouk and Koh Kong,Preah Sihanouk and Koh Kong,0,.13333334,0,.13333334,0,.06666667,.06666667,0,0,.06666667,0,1,1,0,0,0,0,0,0,0,.33333334
515,rural,Preah Sihanouk and Koh Kong,Preah Sihanouk and Koh Kong,0,.33333334,.06666667,.53333336,0,.06666667,.13333334,.13333334,.2,.26666668,0,1,1,0,0,0,0,0,0,0,.33333334
516,rural,Preah Sihanouk and Koh Kong,Preah Sihanouk and Koh Kong,0,.14285715,0,.21428572,.14285715,.2857143,.5,.2857143,.35714287,.071428575,0,1,1,0,0,1,0,1,0,1,.5
517,rural,Preah Sihanouk and Koh Kong,Preah Sihanouk and Koh Kong,0,.06666667,.13333334,.33333334,.06666667,.13333334,.53333336,.06666667,.73333335,.06666667,0,0,1,0,0,1,0,0,0,1,.27777779
518,rural,Preah Sihanouk and Koh Kong,Preah Sihanouk and Koh Kong,0,.13333334,0,.2,0,.33333334,.13333334,.06666667,.2,.13333334,0,1,1,0,1,0,0,0,0,0,.3888889
519,rural,Preah Vihear and Stung Treng,Preah Vihear and Stung Treng,0,.14285715,.2,.2,.06666667,.26666668,.46666667,.2,.33333334,.06666667,0,1,1,1,0,0,0,0,0,1,.55555558
520,rural,Preah Vihear and Stung Treng,Preah Vihear and Stung Treng,0,.26666668,.2,.60000002,.86666667,.60000002,.73333335,.26666668,.80000001,.26666668,0,1,1,1,1,1,0,1,0,1,.72222221
521,rural,Preah Vihear and Stung Treng,Preah Vihear and Stung Treng,0,.33333334,.06666667,.26666668,1,1,1,.33333334,1,.2,0,1,1,0,1,1,0,1,0,1,.55555558
522,rural,Preah Vihear and Stung Treng,Preah Vihear and Stung Treng,.071428575,.2,.13333334,.80000001,1,1,.93333334,.33333334,.93333334,.40000001,1,1,1,0,1,1,0,1,0,1,.72222221
523,rural,Preah Vihear and Stung Treng,Preah Vihear and Stung Treng,0,.2857143,.13333334,.13333334,.13333334,.60000002,.73333335,.2,.86666667,.13333334,0,1,1,0,1,1,0,1,0,1,.55555558
524,rural,Preah Vihear and Stung Treng,Preah Vihear and Stung Treng,.06666667,.33333334,0,.13333334,.53333336,.86666667,.13333334,.2,.93333334,.2,1,1,1,0,1,0,0,1,0,1,.66666669
525,rural,Preah Vihear and Stung Treng,Preah Vihear and Stung Treng,0,.13333334,.13333334,.46666667,0,.26666668,.53333336,.33333334,.40000001,.06666667,0,1,1,0,0,1,0,0,0,1,.44444445
526,rural,Preah Vihear and Stung Treng,Preah Vihear and Stung Treng,0,.2,.2,.46666667,1,1,.66666669,.40000001,1,.33333334,0,1,1,1,1,1,0,1,0,1,.72222221
527,rural,Preah Vihear and Stung Treng,Preah Vihear and Stung Treng,0,.53333336,.2,.33333334,.86666667,0,.86666667,.2,.93333334,.13333334,0,1,1,1,0,1,0,1,0,1,.66666669
528,urban,Preah Vihear and Stung Treng,Preah Vihear and Stung Treng,0,.46666667,.33333334,.40000001,1,.93333334,.53333336,.33333334,.93333334,.2,0,1,1,1,1,1,0,1,0,1,.72222221
529,rural,Preah Vihear and Stung Treng,Preah Vihear and Stung Treng,0,.13333334,.26666668,.73333335,.86666667,.2,.86666667,.33333334,.93333334,.40000001,0,1,1,1,0,1,0,1,0,1,.66666669
530,rural,Preah Vihear and Stung Treng,Preah Vihear and Stung Treng,0,.33333334,.06666667,.26666668,1,1,.86666667,.33333334,.93333334,.13333334,0,1,1,0,1,1,0,1,0,1,.55555558
531,urban,Preah Vihear and Stung Treng,Preah Vihear and Stung Treng,0,.2,0,.06666667,0,0,0,.06666667,.26666668,0,0,1,0,0,0,0,0,0,0,1,.22222222
532,urban,Preah Vihear and Stung Treng,Preah Vihear and Stung Treng,0,.2857143,.06666667,0,0,0,.06666667,.06666667,.13333334,0,0,1,0,0,0,0,0,0,0,0,.16666667
533,urban,Preah Vihear and Stung Treng,Preah Vihear and Stung Treng,0,.13333334,.13333334,.13333334,0,.26666668,.06666667,.2,.26666668,.06666667,0,1,1,0,0,0,0,0,0,1,.3888889
534,urban,Preah Vihear and Stung Treng,Preah Vihear and Stung Treng,0,0,.06666667,0,0,0,.2,.13333334,.46666667,0,0,0,0,0,0,0,0,0,0,1,.055555556
535,urban,Preah Vihear and Stung Treng,Preah Vihear and Stung Treng,0,.2,.13333334,.2,.53333336,.86666667,.46666667,.40000001,.80000001,.2,0,1,1,0,1,0,0,1,0,1,.5
536,urban,Preah Vihear and Stung Treng,Preah Vihear and Stung Treng,0,.13333334,.2,.40000001,.60000002,.53333336,.60000002,.2,.80000001,.13333334,0,1,1,1,1,1,0,1,0,1,.72222221
537,rural,Preah Vihear and Stung Treng,Preah Vihear and Stung Treng,0,.33333334,.2,.46666667,1,.40000001,.80000001,.40000001,1,.26666668,0,1,1,1,1,1,0,1,0,1,.72222221
538,rural,Preah Vihear and Stung Treng,Preah Vihear and Stung Treng,0,.2,.2,.26666668,.93333334,1,.80000001,.33333334,.93333334,.26666668,0,1,1,1,1,1,0,1,0,1,.72222221
539,rural,Preah Vihear and Stung Treng,Preah Vihear and Stung Treng,0,.2,.06666667,.40000001,.93333334,.53333336,.66666669,.40000001,.86666667,.13333334,0,1,1,0,1,1,0,1,0,1,.55555558
540,rural,Preah Vihear and Stung Treng,Preah Vihear and Stung Treng,0,.33333334,.06666667,0,.73333335,1,.33333334,.26666668,.86666667,.06666667,0,1,0,0,1,0,0,1,0,1,.33333334
541,rural,Preah Vihear and Stung Treng,Preah Vihear and Stung Treng,.06666667,.2,.2,.33333334,.46666667,.33333334,.40000001,.33333334,.93333334,.13333334,1,1,1,1,1,0,0,1,0,1,.83333331
542,rural,Preah Vihear and Stung Treng,Preah Vihear and Stung Treng,0,.06666667,.13333334,.80000001,1,.53333336,.80000001,.40000001,.73333335,0,0,0,1,0,1,1,0,1,0,1,.3888889
543,rural,Preah Vihear and Stung Treng,Preah Vihear and Stung Treng,0,.2,.06666667,.13333334,0,.2,.26666668,.13333334,.66666669,.13333334,0,1,1,0,0,0,0,0,0,1,.3888889
544,rural,Preah Vihear and Stung Treng,Preah Vihear and Stung Treng,.06666667,.26666668,.13333334,.73333335,1,.93333334,.80000001,.13333334,.93333334,.60000002,1,1,1,0,1,1,0,1,0,1,.72222221
545,rural,Svay Rieng,Svay Rieng,.06666667,.06666667,.06666667,.46666667,0,0,.53333336,.46666667,.26666668,.2,1,0,1,0,0,1,1,0,0,1,.5
546,rural,Svay Rieng,Svay Rieng,0,.2,0,.06666667,0,0,.40000001,.26666668,.2,0,0,1,0,0,0,0,0,0,0,0,.16666667
547,rural,Svay Rieng,Svay Rieng,0,.06666667,.06666667,.2,0,0,.26666668,.13333334,.33333334,0,0,0,1,0,0,0,0,0,0,1,.22222222
548,urban,Svay Rieng,Svay Rieng,0,.13333334,.06666667,.13333334,0,0,.2,0,.13333334,.06666667,0,1,1,0,0,0,0,0,0,0,.33333334
549,rural,Svay Rieng,Svay Rieng,0,.13333334,0,.13333334,0,0,.26666668,.2,.33333334,.2,0,1,1,0,0,0,0,0,0,1,.3888889
550,rural,Svay Rieng,Svay Rieng,0,.26666668,.06666667,.2,0,0,.2,.2,.46666667,.33333334,0,1,1,0,0,0,0,0,0,1,.3888889
551,rural,Svay Rieng,Svay Rieng,0,.13333334,.06666667,.06666667,0,0,.13333334,.13333334,.66666669,.13333334,0,1,0,0,0,0,0,0,0,1,.22222222
552,rural,Svay Rieng,Svay Rieng,0,.33333334,.06666667,.26666668,.13333334,0,0,.06666667,.66666669,.06666667,0,1,1,0,0,0,0,1,0,1,.44444445
553,rural,Svay Rieng,Svay Rieng,0,.13333334,.06666667,.33333334,.46666667,0,0,0,.46666667,0,0,1,1,0,0,0,0,1,0,1,.44444445
554,rural,Svay Rieng,Svay Rieng,0,.06666667,.06666667,.46666667,0,0,.26666668,0,.53333336,.06666667,0,0,1,0,0,0,0,0,0,1,.22222222
555,rural,Svay Rieng,Svay Rieng,0,.06666667,.13333334,.33333334,0,0,.13333334,0,.2,.06666667,0,0,1,0,0,0,0,0,0,0,.16666667
556,rural,Svay Rieng,Svay Rieng,0,.33333334,.13333334,.26666668,0,0,.13333334,.06666667,.26666668,.13333334,0,1,1,0,0,0,0,0,0,1,.3888889
557,rural,Svay Rieng,Svay Rieng,0,.2,.13333334,.66666669,.93333334,0,.33333334,.13333334,.66666669,.06666667,0,1,1,0,0,0,0,1,0,1,.44444445
558,rural,Svay Rieng,Svay Rieng,.06666667,.06666667,.06666667,.33333334,.33333334,0,.40000001,.13333334,.73333335,.06666667,1,0,1,0,0,0,0,1,0,1,.44444445
559,rural,Svay Rieng,Svay Rieng,0,.06666667,.06666667,.26666668,.13333334,0,.46666667,.06666667,.60000002,.06666667,0,0,1,0,0,0,0,1,0,1,.27777779
560,urban,Svay Rieng,Svay Rieng,0,.2,0,.06666667,.13333334,0,.33333334,.06666667,.33333334,0,0,1,0,0,0,0,0,1,0,1,.27777779
561,rural,Svay Rieng,Svay Rieng,0,.06666667,.06666667,.06666667,0,0,.33333334,.2,.40000001,.06666667,0,0,0,0,0,0,0,0,0,1,.055555556
562,rural,Svay Rieng,Svay Rieng,0,.13333334,.13333334,.2,0,0,.33333334,0,.66666669,0,0,1,1,0,0,0,0,0,0,1,.3888889
563,rural,Svay Rieng,Svay Rieng,0,.13333334,.13333334,.53333336,.2,0,.60000002,0,.53333336,.06666667,0,1,1,0,0,1,0,1,0,1,.5
564,rural,Svay Rieng,Svay Rieng,0,.2,.06666667,.06666667,0,0,.13333334,0,.13333334,0,0,1,0,0,0,0,0,0,0,0,.16666667
565,rural,Svay Rieng,Svay Rieng,0,0,.2,.46666667,.66666669,0,.53333336,0,.60000002,.06666667,0,0,1,1,0,1,0,1,0,1,.5
566,urban,Svay Rieng,Svay Rieng,0,.13333334,0,0,0,0,.13333334,.06666667,.06666667,0,0,1,0,0,0,0,0,0,0,0,.16666667
567,urban,Svay Rieng,Svay Rieng,0,.21428572,.14285715,.21428572,0,0,.35714287,.21428572,.2857143,.071428575,0,1,1,0,0,0,0,0,0,1,.3888889
568,rural,Svay Rieng,Svay Rieng,0,.33333334,0,.13333334,.2,0,.40000001,.26666668,.13333334,.06666667,0,1,1,0,0,0,0,1,0,0,.3888889
569,urban,Svay Rieng,Svay Rieng,0,.13333334,0,.40000001,.06666667,0,.33333334,.06666667,.13333334,0,0,1,1,0,0,0,0,0,0,0,.33333334
570,urban,Svay Rieng,Svay Rieng,0,.13333334,0,.26666668,0,0,.13333334,0,.26666668,0,0,1,1,0,0,0,0,0,0,1,.3888889
571,urban,Svay Rieng,Svay Rieng,0,0,.13333334,.06666667,0,0,.2,0,.13333334,.06666667,0,0,0,0,0,0,0,0,0,0,0
572,urban,Svay Rieng,Svay Rieng,.06666667,.2,.06666667,0,0,0,.40000001,.06666667,.13333334,0,1,1,0,0,0,0,0,0,0,0,.33333334
573,rural,Takeo,Takeo,0,.2,.2,.26666668,0,.13333334,.2,.13333334,.53333336,.13333334,0,1,1,1,0,0,0,0,0,1,.55555558
574,urban,Takeo,Takeo,0,.13333334,.2,.13333334,0,.2,.06666667,0,.40000001,.06666667,0,1,1,1,0,0,0,0,0,1,.55555558
575,rural,Takeo,Takeo,0,.13333334,.2,.35714287,.06666667,.40000001,.33333334,.06666667,.26666668,.06666667,0,1,1,1,1,0,0,0,0,1,.6111111
576,urban,Takeo,Takeo,0,0,.26666668,.06666667,0,.60000002,.13333334,.06666667,.13333334,0,0,0,0,1,1,0,0,0,0,0,.22222222
577,urban,Takeo,Takeo,0,.071428575,.2857143,.5,0,.35714287,.35714287,.14285715,.14285715,.14285715,0,0,1,1,1,0,0,0,0,0,.3888889
578,urban,Takeo,Takeo,0,.2857143,.14285715,.15384616,0,.14285715,.21428572,0,.21428572,0,0,1,1,0,0,0,0,0,0,0,.33333334
579,urban,Takeo,Takeo,0,.13333334,.2,.13333334,0,.26666668,.33333334,.06666667,.06666667,0,0,1,1,1,0,0,0,0,0,0,.5
580,rural,Takeo,Takeo,0,.14285715,.21428572,.5,.14285715,.2857143,.64285713,.14285715,.64285713,.21428572,0,1,1,1,0,1,0,1,0,1,.66666669
581,rural,Takeo,Takeo,0,.06666667,.13333334,.2,0,.80000001,.26666668,.06666667,.46666667,0,0,0,1,0,1,0,0,0,0,1,.27777779
582,rural,Takeo,Takeo,0,.2,0,.26666668,0,.06666667,.2,.06666667,.13333334,.06666667,0,1,1,0,0,0,0,0,0,0,.33333334
583,rural,Takeo,Takeo,.06666667,0,0,.26666668,0,.2,.2,.13333334,.46666667,.13333334,1,0,1,0,0,0,0,0,0,1,.3888889
584,rural,Takeo,Takeo,0,.26666668,.06666667,.2,0,.2,.06666667,.13333334,.46666667,.06666667,0,1,1,0,0,0,0,0,0,1,.3888889
585,rural,Takeo,Takeo,0,.06666667,.13333334,.2,0,0,0,.13333334,.06666667,0,0,0,1,0,0,0,0,0,0,0,.16666667
586,rural,Takeo,Takeo,0,0,0,.26666668,0,.06666667,.13333334,.06666667,.33333334,.06666667,0,0,1,0,0,0,0,0,0,1,.22222222
587,rural,Takeo,Takeo,.06666667,.2,.2,.06666667,0,.13333334,.06666667,0,.46666667,.06666667,1,1,0,1,0,0,0,0,0,1,.55555558
588,rural,Takeo,Takeo,0,.06666667,.26666668,0,0,0,.06666667,0,.40000001,0,0,0,0,1,0,0,0,0,0,1,.22222222
589,rural,Takeo,Takeo,0,.26666668,.26666668,.2,0,0,0,.06666667,.53333336,0,0,1,1,1,0,0,0,0,0,1,.55555558
590,urban,Takeo,Takeo,0,.06666667,.2,.2,0,.33333334,.26666668,.13333334,.2,.06666667,0,0,1,1,1,0,0,0,0,0,.3888889
591,rural,Takeo,Takeo,0,.2,.13333334,.06666667,0,.26666668,.2,0,.33333334,0,0,1,0,0,0,0,0,0,0,1,.22222222
592,urban,Takeo,Takeo,0,.06666667,.13333334,0,0,0,.2,0,.60000002,.06666667,0,0,0,0,0,0,0,0,0,1,.055555556
593,urban,Takeo,Takeo,0,.06666667,.13333334,.13333334,0,0,0,0,0,.13333334,0,0,1,0,0,0,0,0,0,0,.16666667
594,rural,Takeo,Takeo,0,.2,0,.46666667,0,.46666667,.40000001,.2,.53333336,.33333334,0,1,1,0,1,0,0,0,0,1,.44444445
595,urban,Takeo,Takeo,0,.06666667,.13333334,.33333334,0,.53333336,.33333334,0,.40000001,.13333334,0,0,1,0,1,0,0,0,0,1,.27777779
596,rural,Takeo,Takeo,0,.53333336,.2,.2,.06666667,.73333335,.33333334,.13333334,.40000001,.2,0,1,1,1,1,0,0,0,0,1,.6111111
597,rural,Takeo,Takeo,0,.40000001,.26666668,.46666667,0,.86666667,.66666669,.06666667,.46666667,.06666667,0,1,1,1,1,1,0,0,0,1,.66666669
598,rural,Takeo,Takeo,0,.13333334,.26666668,0,.2,.26666668,.13333334,.06666667,.33333334,0,0,1,0,1,0,0,0,1,0,1,.44444445
599,rural,Takeo,Takeo,.06666667,.2857143,.06666667,0,0,.06666667,.13333334,.06666667,.2,.06666667,1,1,0,0,0,0,0,0,0,0,.33333334
600,rural,Takeo,Takeo,0,.13333334,.26666668,.26666668,0,.80000001,.13333334,.06666667,.66666669,.13333334,0,1,1,1,1,0,0,0,0,1,.6111111
601,rural,Takeo,Takeo,0,.33333334,.2,0,0,.06666667,.26666668,.13333334,.80000001,.06666667,0,1,0,1,0,0,0,0,0,1,.3888889
602,rural,Takeo,Takeo,0,.26666668,.33333334,.78571427,.06666667,.93333334,.60000002,.06666667,.46666667,.2,0,1,1,1,1,1,0,0,0,1,.66666669
603,urban,Otdar Meanchey,Otdar Meanchey,0,.06666667,.33333334,.2,.26666668,.66666669,.40000001,.06666667,.86666667,.13333334,0,0,1,1,1,0,0,1,0,1,.5
604,rural,Otdar Meanchey,Otdar Meanchey,0,.23076923,.15384616,.30769232,.07692308,.38461539,.07692308,.07692308,.69230771,0,0,1,1,0,1,0,0,0,0,1,.44444445
605,rural,Otdar Meanchey,Otdar Meanchey,0,.2857143,.21428572,.2857143,.2857143,.42857143,.071428575,.071428575,.64285713,0,0,1,1,1,1,0,0,1,0,1,.66666669
606,rural,Otdar Meanchey,Otdar Meanchey,0,.26666668,.2,0,.2,.46666667,.26666668,0,.93333334,.06666667,0,1,0,1,1,0,0,1,0,1,.5
607,rural,Otdar Meanchey,Otdar Meanchey,0,.06666667,.26666668,.53333336,.46666667,.86666667,.53333336,0,1,.33333334,0,0,1,1,1,1,0,1,0,1,.55555558
608,rural,Otdar Meanchey,Otdar Meanchey,0,.26666668,0,.2,0,.26666668,.33333334,.06666667,1,0,0,1,1,0,0,0,0,0,0,1,.3888889
609,rural,Otdar Meanchey,Otdar Meanchey,.071428575,.14285715,.26666668,.33333334,0,.86666667,.26666668,.06666667,1,.2,1,1,1,1,1,0,0,0,0,1,.77777779
610,rural,Otdar Meanchey,Otdar Meanchey,0,.2,.26666668,.33333334,0,.33333334,.13333334,0,1,.2,0,1,1,1,1,0,0,0,0,1,.6111111
611,rural,Otdar Meanchey,Otdar Meanchey,0,0,.13333334,.46666667,1,.26666668,.06666667,0,1,.13333334,0,0,1,0,0,0,0,1,0,1,.27777779
612,rural,Otdar Meanchey,Otdar Meanchey,0,.071428575,.26666668,.26666668,0,.06666667,.2,0,.73333335,.13333334,0,0,1,1,0,0,0,0,0,1,.3888889
613,rural,Otdar Meanchey,Otdar Meanchey,0,.071428575,.21428572,.14285715,0,.2857143,.2857143,0,.9285714,.21428572,0,0,1,1,0,0,0,0,0,1,.3888889
614,rural,Otdar Meanchey,Otdar Meanchey,0,.06666667,.13333334,.2,0,.60000002,.06666667,.13333334,.93333334,.06666667,0,0,1,0,1,0,0,0,0,1,.27777779
615,rural,Otdar Meanchey,Otdar Meanchey,0,.13333334,.33333334,.73333335,1,.13333334,.13333334,.13333334,1,.06666667,0,1,1,1,0,0,0,1,0,1,.6111111
616,rural,Otdar Meanchey,Otdar Meanchey,0,.2,.13333334,.40000001,.06666667,.2,.13333334,0,.86666667,.13333334,0,1,1,0,0,0,0,0,0,1,.3888889
617,urban,Otdar Meanchey,Otdar Meanchey,0,.13333334,0,.13333334,0,.06666667,0,.06666667,.86666667,.13333334,0,1,1,0,0,0,0,0,0,1,.3888889
618,urban,Otdar Meanchey,Otdar Meanchey,0,.13333334,.06666667,.40000001,0,.53333336,.53333336,0,.93333334,.40000001,0,1,1,0,1,1,0,0,0,1,.5
619,urban,Otdar Meanchey,Otdar Meanchey,0,.26666668,.13333334,.33333334,.66666669,.13333334,.46666667,.06666667,.86666667,.2,0,1,1,0,0,0,0,1,0,1,.44444445
620,urban,Otdar Meanchey,Otdar Meanchey,.06666667,.2,.26666668,.33333334,1,.53333336,.06666667,0,.86666667,.13333334,1,1,1,1,1,0,0,1,0,1,.83333331
621,urban,Otdar Meanchey,Otdar Meanchey,0,.13333334,0,.26666668,0,.13333334,.06666667,0,.86666667,0,0,1,1,0,0,0,0,0,0,1,.3888889
622,urban,Otdar Meanchey,Otdar Meanchey,0,0,.33333334,.40000001,0,.26666668,.33333334,.13333334,.73333335,.13333334,0,0,1,1,0,0,0,0,0,1,.3888889
623,urban,Otdar Meanchey,Otdar Meanchey,0,0,0,.2,0,0,.46666667,0,1,.13333334,0,0,1,0,0,0,0,0,0,1,.22222222
624,rural,Otdar Meanchey,Otdar Meanchey,0,.14285715,.14285715,.42857143,1,.64285713,.2857143,0,1,.14285715,0,1,1,0,1,0,0,1,0,1,.5
625,rural,Otdar Meanchey,Otdar Meanchey,0,.2857143,.14285715,.2857143,1,.35714287,.5714286,0,1,.071428575,0,1,1,0,1,1,0,1,0,1,.55555558
626,rural,Otdar Meanchey,Otdar Meanchey,0,0,.071428575,.14285715,.85714287,.5,.5,.071428575,.9285714,.2857143,0,0,1,0,1,1,0,1,0,1,.3888889
627,rural,Otdar Meanchey,Otdar Meanchey,0,.071428575,.14285715,.14285715,.5,.5,.21428572,0,.78571427,.071428575,0,0,1,0,1,0,0,1,0,1,.33333334
628,rural,Otdar Meanchey,Otdar Meanchey,.06666667,.06666667,.06666667,.66666669,1,1,.93333334,.06666667,1,.2,1,0,1,0,1,1,0,1,0,1,.55555558
629,rural,Otdar Meanchey,Otdar Meanchey,0,.23076923,.15384616,.46153846,.84615386,.46153846,.69230771,.07692308,.84615386,.15384616,0,1,1,0,1,1,0,1,0,1,.55555558
630,rural,Kampot & Kep,Kampot & Kep,0,.06666667,.40000001,.26666668,.2,.33333334,.53333336,.2,.2,.13333334,0,0,1,1,1,1,0,1,0,0,.5
631,rural,Kampot & Kep,Kampot & Kep,0,.2,.33333334,.40000001,.40000001,.40000001,.40000001,.2,.26666668,.13333334,0,1,1,1,1,0,0,1,0,1,.66666669
632,rural,Kampot & Kep,Kampot & Kep,0,.2,.46666667,.13333334,0,.33333334,.06666667,0,.13333334,.2,0,1,1,1,1,0,0,0,0,0,.55555558
633,rural,Kampot & Kep,Kampot & Kep,0,.33333334,.40000001,.2,.06666667,.2,.40000001,.13333334,.06666667,0,0,1,1,1,0,0,0,0,0,0,.5
634,rural,Kampot & Kep,Kampot & Kep,0,.2,.2,.46666667,0,.46666667,.2,.2,.40000001,.06666667,0,1,1,1,1,0,0,0,0,1,.6111111
635,rural,Kampot & Kep,Kampot & Kep,0,.21428572,.14285715,.5,.21428572,.21428572,.2857143,.14285715,.5,.071428575,0,1,1,0,0,0,0,1,0,1,.44444445
636,rural,Kampot & Kep,Kampot & Kep,0,.15384616,.38461539,.53846157,0,.38461539,.30769232,.15384616,.15384616,.15384616,0,1,1,1,1,0,0,0,0,0,.55555558
637,urban,Kampot & Kep,Kampot & Kep,0,.2,.26666668,.2,0,.2,.06666667,.06666667,.26666668,0,0,1,1,1,0,0,0,0,0,1,.55555558
638,urban,Kampot & Kep,Kampot & Kep,.06666667,.06666667,.33333334,.2,0,.13333334,.06666667,0,.06666667,0,1,0,1,1,0,0,0,0,0,0,.5
639,urban,Kampot & Kep,Kampot & Kep,.06666667,0,.46666667,.26666668,0,.2,.13333334,.2,.2,.06666667,1,0,1,1,0,0,0,0,0,0,.5
640,urban,Kampot & Kep,Kampot & Kep,.06666667,.06666667,.40000001,.33333334,0,.46666667,0,0,.26666668,.06666667,1,0,1,1,1,0,0,0,0,1,.6111111
641,urban,Kampot & Kep,Kampot & Kep,0,.06666667,.2,.33333334,0,.13333334,.06666667,.2,.13333334,.2,0,0,1,1,0,0,0,0,0,0,.33333334
642,urban,Kampot & Kep,Kampot & Kep,0,.13333334,.2,.13333334,0,.06666667,0,0,.13333334,.06666667,0,1,1,1,0,0,0,0,0,0,.5
643,urban,Kampot & Kep,Kampot & Kep,0,.26666668,.2,.06666667,0,.06666667,.06666667,0,0,0,0,1,0,1,0,0,0,0,0,0,.33333334
644,urban,Kampot & Kep,Kampot & Kep,0,.2857143,.21428572,.071428575,0,.21428572,0,.071428575,.21428572,0,0,1,0,1,0,0,0,0,0,0,.33333334
645,urban,Kampot & Kep,Kampot & Kep,0,.2,.46666667,0,0,.40000001,.13333334,.13333334,0,0,0,1,0,1,1,0,0,0,0,0,.3888889
646,urban,Kampot & Kep,Kampot & Kep,0,.14285715,.35714287,.35714287,0,.14285715,.21428572,0,.5714286,.2857143,0,1,1,1,0,0,0,0,0,1,.55555558
647,urban,Kampot & Kep,Kampot & Kep,0,.26666668,.06666667,.13333334,.06666667,.06666667,.06666667,.06666667,.33333334,.06666667,0,1,1,0,0,0,0,0,0,1,.3888889
648,urban,Kampot & Kep,Kampot & Kep,0,.2857143,.35714287,.35714287,0,.5,.2857143,0,.21428572,.2857143,0,1,1,1,1,0,0,0,0,0,.55555558
649,urban,Kampot & Kep,Kampot & Kep,.06666667,.26666668,.46666667,.13333334,0,.06666667,.13333334,0,.2,0,1,1,1,1,0,0,0,0,0,0,.66666669
650,urban,Kampot & Kep,Kampot & Kep,0,.14285715,.46666667,.2,0,.26666668,.13333334,.2,.40000001,0,0,1,1,1,0,0,0,0,0,1,.55555558
651,urban,Kampot & Kep,Kampot & Kep,0,.23076923,.15384616,.23076923,0,.23076923,.23076923,.23076923,.46153846,.07692308,0,1,1,0,0,0,0,0,0,1,.3888889
652,urban,Kampot & Kep,Kampot & Kep,0,.2,.2,.13333334,0,.73333335,.26666668,0,.33333334,.2,0,1,1,1,1,0,0,0,0,1,.6111111
653,urban,Kampot & Kep,Kampot & Kep,0,.07692308,.38461539,.07692308,0,.30769232,.23076923,.15384616,.23076923,.15384616,0,0,0,1,1,0,0,0,0,0,.22222222
654,urban,Kampot & Kep,Kampot & Kep,0,.46153846,.15384616,0,0,.38461539,.23076923,.07692308,.15384616,.07692308,0,1,0,0,1,0,0,0,0,0,.22222222
655,urban,Battambang & Pailin,Battambang & Pailin,0,0,0,.13333334,0,.06666667,0,0,.06666667,.06666667,0,0,1,0,0,0,0,0,0,0,.16666667
656,urban,Battambang & Pailin,Battambang & Pailin,0,.071428575,.06666667,.13333334,0,.26666668,.06666667,.06666667,.2,0,0,0,1,0,0,0,0,0,0,0,.16666667
657,urban,Battambang & Pailin,Battambang & Pailin,0,.2,.26666668,.26666668,0,.26666668,.2,.2,.46666667,0,0,1,1,1,0,0,0,0,0,1,.55555558
658,urban,Battambang & Pailin,Battambang & Pailin,0,.06666667,0,.26666668,.33333334,.33333334,.13333334,.33333334,.53333336,0,0,0,1,0,1,0,0,1,0,1,.33333334
659,urban,Battambang & Pailin,Battambang & Pailin,0,.06666667,.06666667,.2,.13333334,.33333334,.13333334,.13333334,.66666669,0,0,0,1,0,1,0,0,1,0,1,.33333334
660,urban,Battambang & Pailin,Battambang & Pailin,0,.13333334,0,.2,.26666668,.40000001,.33333334,0,.86666667,.13333334,0,1,1,0,1,0,0,1,0,1,.5
661,urban,Battambang & Pailin,Battambang & Pailin,0,.071428575,0,.071428575,0,.33333334,0,.13333334,.13333334,.13333334,0,0,0,0,1,0,0,0,0,0,.055555556
662,urban,Battambang & Pailin,Battambang & Pailin,.06666667,.26666668,0,.33333334,.73333335,.46666667,.66666669,.13333334,.73333335,.06666667,1,1,1,0,1,1,0,1,0,1,.72222221
663,urban,Battambang & Pailin,Battambang & Pailin,0,.06666667,0,.13333334,.06666667,.13333334,0,.06666667,.33333334,.06666667,0,0,1,0,0,0,0,0,0,1,.22222222
664,urban,Battambang & Pailin,Battambang & Pailin,0,.15384616,.06666667,.21428572,.06666667,.40000001,.26666668,.06666667,.40000001,.2,0,1,1,0,1,0,0,0,0,1,.44444445
665,urban,Battambang & Pailin,Battambang & Pailin,.06666667,.13333334,.06666667,.06666667,.06666667,.33333334,.26666668,.2,.53333336,.06666667,1,1,0,0,1,0,0,0,0,1,.44444445
666,rural,Battambang & Pailin,Battambang & Pailin,0,0,0,.21428572,0,.2,.33333334,.06666667,.13333334,.06666667,0,0,1,0,0,0,0,0,0,0,.16666667
667,rural,Battambang & Pailin,Battambang & Pailin,0,.071428575,.06666667,.53333336,.73333335,.2,.2,.2,.80000001,.13333334,0,0,1,0,0,0,0,1,0,1,.27777779
668,rural,Battambang & Pailin,Battambang & Pailin,0,.13333334,.13333334,.33333334,.2,.40000001,.2,.06666667,.66666669,.13333334,0,1,1,0,1,0,0,1,0,1,.5
669,rural,Battambang & Pailin,Battambang & Pailin,0,.06666667,0,.35714287,.06666667,.33333334,.13333334,.26666668,.73333335,.26666668,0,0,1,0,1,0,0,0,0,1,.27777779
670,rural,Battambang & Pailin,Battambang & Pailin,.06666667,0,.13333334,.46666667,.80000001,.53333336,.26666668,.2,.80000001,.13333334,1,0,1,0,1,0,0,1,0,1,.5
671,rural,Battambang & Pailin,Battambang & Pailin,0,.071428575,.13333334,.13333334,0,.2,.26666668,.13333334,.46666667,.26666668,0,0,1,0,0,0,0,0,0,1,.22222222
672,urban,Battambang & Pailin,Battambang & Pailin,0,.2,.06666667,.06666667,0,0,.26666668,.06666667,.40000001,.13333334,0,1,0,0,0,0,0,0,0,1,.22222222
673,urban,Battambang & Pailin,Battambang & Pailin,0,.06666667,.13333334,.26666668,.06666667,.40000001,.40000001,.26666668,.46666667,.06666667,0,0,1,0,1,0,0,0,0,1,.27777779
674,urban,Battambang & Pailin,Battambang & Pailin,0,0,.13333334,.33333334,0,.33333334,0,.13333334,.2,.13333334,0,0,1,0,1,0,0,0,0,0,.22222222
675,urban,Battambang & Pailin,Battambang & Pailin,.13333334,.13333334,.13333334,.06666667,.13333334,.26666668,.13333334,0,.26666668,0,1,1,0,0,0,0,0,1,0,1,.44444445
676,urban,Battambang & Pailin,Battambang & Pailin,0,.13333334,.13333334,0,0,.26666668,.06666667,0,0,0,0,1,0,0,0,0,0,0,0,0,.16666667
677,urban,Battambang & Pailin,Battambang & Pailin,0,.40000001,.33333334,.2,.80000001,.33333334,.26666668,.40000001,.60000002,0,0,1,1,1,1,0,0,1,0,1,.66666669
678,rural,Battambang & Pailin,Battambang & Pailin,.06666667,.21428572,.13333334,.2,.06666667,.26666668,.2,.13333334,.40000001,.2,1,1,1,0,0,0,0,0,0,1,.55555558
679,rural,Battambang & Pailin,Battambang & Pailin,0,.06666667,.26666668,.2857143,1,.46666667,.46666667,.2,.73333335,0,0,0,1,1,1,0,0,1,0,1,.5
680,urban,Kampong Cham,Kampong Cham,0,.14285715,.5,.15384616,0,0,.14285715,.14285715,.21428572,0,0,1,1,1,0,0,0,0,0,0,.5
681,urban,Kampong Cham,Kampong Cham,0,.30769232,.33333334,.13333334,.06666667,.06666667,.53333336,.2,.53333336,0,0,1,1,1,0,1,0,0,0,1,.6111111
682,rural,Kampong Cham,Kampong Cham,0,.15384616,.46153846,.15384616,0,0,.30769232,.23076923,.46153846,.07692308,0,1,1,1,0,0,0,0,0,1,.55555558
683,rural,Kampong Cham,Kampong Cham,0,.2857143,.42857143,.5714286,0,0,.14285715,.2857143,.5714286,.14285715,0,1,1,1,0,0,0,0,0,1,.55555558
684,rural,Kampong Cham,Kampong Cham,0,.16666667,.33333334,.33333334,.16666667,.16666667,.41666666,.33333334,.91666669,.083333336,0,1,1,1,0,0,0,1,0,1,.6111111
685,rural,Kampong Cham,Kampong Cham,0,.083333336,.5,.16666667,.16666667,.083333336,.33333334,.33333334,.75,0,0,0,1,1,0,0,0,1,0,1,.44444445
686,rural,Kampong Cham,Kampong Cham,0,.26666668,.26666668,.40000001,0,.33333334,.26666668,.2,.73333335,.06666667,0,1,1,1,1,0,0,0,0,1,.6111111
687,rural,Kampong Cham,Kampong Cham,0,.26666668,.33333334,.46666667,.06666667,.13333334,.40000001,.26666668,.86666667,.13333334,0,1,1,1,0,0,0,0,0,1,.55555558
688,urban,Kampong Cham,Kampong Cham,0,.15384616,.21428572,.21428572,0,0,.14285715,0,.14285715,0,0,1,1,1,0,0,0,0,0,0,.5
689,rural,Kampong Cham,Kampong Cham,0,0,.21428572,.42857143,0,0,0,.35714287,.85714287,.14285715,0,0,1,1,0,0,0,0,0,1,.3888889
690,rural,Kampong Cham,Kampong Cham,0,.2,.40000001,.33333334,0,.13333334,.06666667,.2,.80000001,0,0,1,1,1,0,0,0,0,0,1,.55555558
691,rural,Kampong Cham,Kampong Cham,0,.21428572,.2857143,.5714286,0,.21428572,.21428572,.14285715,.78571427,.14285715,0,1,1,1,0,0,0,0,0,1,.55555558
692,rural,Kampong Cham,Kampong Cham,0,0,.21428572,.2857143,0,0,.14285715,.21428572,.64285713,0,0,0,1,1,0,0,0,0,0,1,.3888889
693,rural,Kampong Cham,Kampong Cham,0,.26666668,.26666668,.13333334,0,.26666668,.2,.13333334,.26666668,.06666667,0,1,1,1,0,0,0,0,0,1,.55555558
694,rural,Kampong Cham,Kampong Cham,0,.2857143,.42857143,.21428572,.14285715,0,.071428575,.2857143,.5714286,0,0,1,1,1,0,0,0,1,0,1,.6111111
695,rural,Kampong Cham,Kampong Cham,0,.071428575,.42857143,.23076923,0,.071428575,.2857143,.35714287,.42857143,.071428575,0,0,1,1,0,0,0,0,0,1,.3888889
696,rural,Kampong Cham,Kampong Cham,0,.071428575,.35714287,.071428575,0,0,.35714287,.42857143,.64285713,.14285715,0,0,0,1,0,0,0,0,0,1,.22222222
697,rural,Kampong Cham,Kampong Cham,0,.26666668,.46666667,.46666667,0,.2,.46666667,.2,.53333336,.06666667,0,1,1,1,0,0,0,0,0,1,.55555558
698,rural,Kampong Cham,Kampong Cham,0,.071428575,.35714287,.14285715,.071428575,0,.42857143,.2857143,.85714287,.14285715,0,0,1,1,0,0,0,0,0,1,.3888889
699,rural,Kampong Cham,Kampong Cham,0,.07692308,.5,.35714287,0,.14285715,.21428572,.35714287,.64285713,.071428575,0,0,1,1,0,0,0,0,0,1,.3888889
700,rural,Kampong Cham,Kampong Cham,0,.5,.41666666,.25,0,0,.58333331,.33333334,.83333331,.16666667,0,1,1,1,0,1,0,0,0,1,.6111111
701,rural,Kampong Cham,Kampong Cham,0,.30769232,.30769232,.30769232,0,.15384616,.46153846,.23076923,.61538464,.07692308,0,1,1,1,0,0,0,0,0,1,.55555558
702,rural,Kampong Cham,Kampong Cham,0,.41666666,.33333334,.41666666,.083333336,0,.16666667,.16666667,.41666666,.16666667,0,1,1,1,0,0,0,0,0,1,.55555558
703,rural,Kampong Cham,Kampong Cham,0,.23076923,.30769232,.46153846,0,0,.23076923,.23076923,.84615386,0,0,1,1,1,0,0,0,0,0,1,.55555558
704,rural,Kampong Cham,Kampong Cham,0,.33333334,.5,.41666666,.083333336,.083333336,.66666669,.16666667,.5,.16666667,0,1,1,1,0,1,0,0,0,1,.6111111
705,rural,Kampong Cham,Kampong Cham,0,.13333334,.13333334,.60000002,.06666667,.26666668,.53333336,.53333336,.80000001,.13333334,0,1,1,0,0,1,1,0,0,1,.5
706,urban,Kampong Cham,Kampong Cham,0,.083333336,.41666666,0,0,.16666667,0,0,.083333336,0,0,0,0,1,0,0,0,0,0,0,.16666667
707,rural,Kampong Cham,Kampong Cham,0,.071428575,.42857143,.21428572,.071428575,.5714286,.71428573,.5714286,.85714287,.071428575,0,0,1,1,1,1,1,0,0,1,.55555558
708,rural,Kampong Cham,Kampong Cham,.071428575,.083333336,.35714287,.21428572,0,.35714287,.21428572,.42857143,.35714287,.14285715,1,0,1,1,1,0,0,0,0,1,.6111111
709,rural,Kampong Cham,Kampong Cham,0,.21428572,.5714286,.14285715,0,.5,.5,.35714287,.71428573,.14285715,0,1,1,1,1,1,0,0,0,1,.66666669
